Date,HomeTeam,AwayTeam,FTHG,FTAG,FTR,HTHG,HTAG,HTR,Referee,HS,AS,HST,AST,HF,AF,HC,AC,HY,AY,HR,AR,goles_barca,goles_rival,temporada
2000-09-09,Barcelona,Malaga,2,1,H,2.0,0.0,H,,,,,,,,,,,,,,2,1,0001
2000-09-16,Ath Bilbao,Barcelona,3,1,H,1.0,1.0,D,,,,,,,,,,,,,,1,3,0001
2000-09-23,Barcelona,Santander,3,1,H,1.0,0.0,H,,,,,,,,,,,,,,3,1,0001
2000-10-01,La Coruna,Barcelona,2,0,H,0.0,0.0,D,,,,,,,,,,,,,,0,2,0001
2000-10-14,Sociedad,Barcelona,0,6,A,0.0,6.0,A,,,,,,,,,,,,,,6,0,0001
2000-10-21,Barcelona,Real Madrid,2,0,H,1.0,0.0,H,,,,,,,,,,,,,,2,0,0001
2000-10-28,Mallorca,Barcelona,2,0,H,1.0,0.0,H,,,,,,,,,,,,,,0,2,0001
2000-11-01,Barcelona,Numancia,1,1,D,0.0,0.0,D,,,,,,,,,,,,,,1,1,0001
2000-11-04,Las Palmas,Barcelona,0,1,A,0.0,0.0,D,,,,,,,,,,,,,,1,0,0001
2000-11-12,Barcelona,Villarreal,1,2,A,1.0,1.0,D,,,,,,,,,,,,,,1,2,0001
2000-11-19,Zaragoza,Barcelona,3,1,H,1.0,0.0,H,,,,,,,,,,,,,,1,3,0001
2000-11-26,Barcelona,Osasuna,2,0,H,0.0,0.0,D,,,,,,,,,,,,,,2,0,0001
2000-12-02,Celta,Barcelona,3,3,D,3.0,1.0,H,,,,,,,,,,,,,,3,3,0001
2000-12-10,Barcelona,Espanol,4,2,H,2.0,0.0,H,,,,,,,,,,,,,,4,2,0001
2000-12-16,Vallecano,Barcelona,2,2,D,1.0,1.0,D,,,,,,,,,,,,,,2,2,0001
2000-12-20,Barcelona,Alaves,3,2,H,1.0,0.0,H,,,,,,,,,,,,,,3,2,0001
2001-01-07,Oviedo,Barcelona,2,3,A,0.0,2.0,A,,,,,,,,,,,,,,3,2,0001
2001-01-13,Barcelona,Valladolid,3,1,H,0.0,0.0,D,,,,,,,,,,,,,,3,1,0001
2001-01-20,Valencia,Barcelona,0,1,A,0.0,1.0,A,,,,,,,,,,,,,,1,0,0001
2001-01-27,Malaga,Barcelona,0,0,D,0.0,0.0,D,,,,,,,,,,,,,,0,0,0001
2001-02-03,Barcelona,Ath Bilbao,7,0,H,6.0,0.0,H,,,,,,,,,,,,,,7,0,0001
2001-02-11,Santander,Barcelona,4,0,H,1.0,0.0,H,,,,,,,,,,,,,,0,4,0001
2001-02-17,Barcelona,La Coruna,2,3,A,2.0,1.0,H,,,,,,,,,,,,,,2,3,0001
2001-02-25,Barcelona,Sociedad,3,0,H,1.0,0.0,H,,,,,,,,,,,,,,3,0,0001
2001-03-03,Real Madrid,Barcelona,2,2,D,2.0,1.0,H,,,,,,,,,,,,,,2,2,0001
2001-03-11,Barcelona,Mallorca,1,1,D,0.0,0.0,D,,,,,,,,,,,,,,1,1,0001
2001-03-18,Numancia,Barcelona,1,1,D,0.0,1.0,A,,,,,,,,,,,,,,1,1,0001
2001-04-01,Barcelona,Las Palmas,4,1,H,2.0,1.0,H,,,,,,,,,,,,,,4,1,0001
2001-04-08,Villarreal,Barcelona,4,4,D,3.0,1.0,H,,,,,,,,,,,,,,4,4,0001
2001-04-14,Barcelona,Zaragoza,4,4,D,0.0,2.0,A,,,,,,,,,,,,,,4,4,0001
2001-04-22,Osasuna,Barcelona,3,1,H,2.0,1.0,H,,,,,,,,,,,,,,1,3,0001
2001-04-29,Barcelona,Celta,1,1,D,1.0,1.0,D,,,,,,,,,,,,,,1,1,0001
2001-05-05,Espanol,Barcelona,0,0,D,0.0,0.0,D,,,,,,,,,,,,,,0,0,0001
2001-05-13,Barcelona,Vallecano,5,1,H,1.0,1.0,D,,,,,,,,,,,,,,5,1,0001
2001-05-19,Alaves,Barcelona,0,1,A,0.0,1.0,A,,,,,,,,,,,,,,1,0,0001
2001-05-27,Barcelona,Oviedo,0,1,A,0.0,0.0,D,,,,,,,,,,,,,,0,1,0001
2001-06-10,Valladolid,Barcelona,2,2,D,0.0,1.0,A,,,,,,,,,,,,,,2,2,0001
2001-06-17,Barcelona,Valencia,3,2,H,2.0,1.0,H,,,,,,,,,,,,,,3,2,0001
2001-08-26,Sevilla,Barcelona,1,2,A,0.0,1.0,A,,,,,,,,,,,,,,2,1,0102
2001-09-09,Barcelona,Vallecano,1,1,D,0.0,0.0,D,,,,,,,,,,,,,,1,1,0102
2001-09-15,Osasuna,Barcelona,0,0,D,0.0,0.0,D,,,,,,,,,,,,,,0,0,0102
2001-09-22,Barcelona,Tenerife,2,0,H,1.0,0.0,H,,,,,,,,,,,,,,2,0,0102
2001-09-29,Sociedad,Barcelona,0,2,A,0.0,1.0,A,,,,,,,,,,,,,,2,0,0102
2001-10-03,Barcelona,Mallorca,3,0,H,3.0,0.0,H,,,,,,,,,,,,,,3,0,0102
2001-10-06,La Coruna,Barcelona,2,1,H,0.0,1.0,A,,,,,,,,,,,,,,1,2,0102
2001-10-14,Barcelona,Valencia,2,2,D,1.0,1.0,D,,,,,,,,,,,,,,2,2,0102
2001-10-20,Malaga,Barcelona,1,1,D,0.0,0.0,D,,,,,,,,,,,,,,1,1,0102
2001-10-27,Barcelona,Betis,3,0,H,1.0,0.0,H,,,,,,,,,,,,,,3,0,0102
2001-11-04,Real Madrid,Barcelona,2,0,H,1.0,0.0,H,,,,,,,,,,,,,,0,2,0102
2001-11-11,Barcelona,Valladolid,4,0,H,2.0,0.0,H,,,,,,,,,,,,,,4,0,0102
2001-11-17,Las Palmas,Barcelona,0,0,D,0.0,0.0,D,,,,,,,,,,,,,,0,0,0102
2001-11-24,Barcelona,Ath Bilbao,1,2,A,0.0,1.0,A,,,,,,,,,,,,,,1,2,0102
2001-12-01,Alaves,Barcelona,2,0,H,1.0,0.0,H,,,,,,,,,,,,,,0,2,0102
2001-12-09,Barcelona,Celta,2,2,D,1.0,0.0,H,,,,,,,,,,,,,,2,2,0102
2001-12-16,Villarreal,Barcelona,0,1,A,0.0,1.0,A,,,,,,,,,,,,,,1,0,0102
2001-12-22,Espanol,Barcelona,2,0,H,0.0,0.0,D,,,,,,,,,,,,,,0,2,0102
2002-01-06,Barcelona,Zaragoza,2,0,H,1.0,0.0,H,,,,,,,,,,,,,,2,0,0102
2002-01-13,Barcelona,Sevilla,3,1,H,1.0,1.0,D,,,,,,,,,,,,,,3,1,0102
2002-01-20,Vallecano,Barcelona,2,1,H,1.0,0.0,H,,,,,,,,,,,,,,1,2,0102
2002-01-27,Barcelona,Osasuna,0,1,A,0.0,0.0,D,,,,,,,,,,,,,,0,1,0102
2002-02-02,Tenerife,Barcelona,0,6,A,0.0,2.0,A,,,,,,,,,,,,,,6,0,0102
2002-02-06,Barcelona,Sociedad,2,0,H,0.0,0.0,D,,,,,,,,,,,,,,2,0,0102
2002-02-09,Mallorca,Barcelona,0,0,D,0.0,0.0,D,,,,,,,,,,,,,,0,0,0102
2002-02-16,Barcelona,La Coruna,3,2,H,1.0,1.0,D,,,,,,,,,,,,,,3,2,0102
2002-02-23,Valencia,Barcelona,2,0,H,1.0,0.0,H,,,,,,,,,,,,,,0,2,0102
2002-03-03,Barcelona,Malaga,5,1,H,3.0,0.0,H,,,,,,,,,,,,,,5,1,0102
2002-03-09,Betis,Barcelona,2,1,H,1.0,0.0,H,,,,,,,,,,,,,,1,2,0102
2002-03-16,Barcelona,Real Madrid,1,1,D,0.0,1.0,A,,,,,,,,,,,,,,1,1,0102
2002-03-24,Valladolid,Barcelona,1,2,A,1.0,2.0,A,,,,,,,,,,,,,,2,1,0102
2002-03-30,Barcelona,Las Palmas,1,1,D,1.0,0.0,H,,,,,,,,,,,,,,1,1,0102
2002-04-06,Ath Bilbao,Barcelona,0,2,A,0.0,1.0,A,,,,,,,,,,,,,,2,0,0102
2002-04-14,Barcelona,Alaves,3,2,H,1.0,0.0,H,,,,,,,,,,,,,,3,2,0102
2002-04-20,Celta,Barcelona,2,1,H,1.0,0.0,H,,,,,,,,,,,,,,1,2,0102
2002-04-27,Barcelona,Villarreal,4,1,H,0.0,1.0,A,,,,,,,,,,,,,,4,1,0102
2002-05-05,Barcelona,Espanol,2,0,H,1.0,0.0,H,,,,,,,,,,,,,,2,0,0102
2002-05-11,Zaragoza,Barcelona,1,1,D,1.0,1.0,D,,,,,,,,,,,,,,1,1,0102
2002-09-01,Barcelona,Ath Madrid,2,2,D,1.0,1.0,D,,,,,,,,,,,,,,2,2,0203
2002-09-14,Ath Bilbao,Barcelona,0,2,A,0.0,2.0,A,,,,,,,,,,,,,,2,0,0203
2002-09-21,Barcelona,Espanol,2,0,H,0.0,0.0,D,,,,,,,,,,,,,,2,0,0203
2002-09-28,Betis,Barcelona,3,0,H,1.0,0.0,H,,,,,,,,,,,,,,0,3,0203
2002-10-06,Barcelona,Osasuna,2,2,D,2.0,2.0,D,,,,,,,,,,,,,,2,2,0203
2002-10-20,Valladolid,Barcelona,2,1,H,0.0,0.0,D,,,,,,,,,,,,,,1,2,0203
2002-10-26,Barcelona,Alaves,6,1,H,4.0,0.0,H,,,,,,,,,,,,,,6,1,0203
2002-11-03,Santander,Barcelona,1,1,D,1.0,0.0,H,,,,,,,,,,,,,,1,1,0203
2002-11-09,Barcelona,Villarreal,1,0,H,0.0,0.0,D,,,,,,,,,,,,,,1,0,0203
2002-11-16,La Coruna,Barcelona,2,0,H,0.0,0.0,D,,,,,,,,,,,,,,0,2,0203
2002-11-23,Barcelona,Real Madrid,0,0,D,0.0,0.0,D,,,,,,,,,,,,,,0,0,0203
2002-12-01,Sociedad,Barcelona,2,1,H,1.0,1.0,D,,,,,,,,,,,,,,1,2,0203
2002-12-07,Vallecano,Barcelona,1,0,H,0.0,0.0,D,,,,,,,,,,,,,,0,1,0203
2002-12-15,Barcelona,Sevilla,0,3,A,0.0,1.0,A,,,,,,,,,,,,,,0,3,0203
2002-12-21,Mallorca,Barcelona,0,4,A,0.0,2.0,A,,,,,,,,,,,,,,4,0,0203
2003-01-05,Barcelona,Recreativo,3,0,H,2.0,0.0,H,,,,,,,,,,,,,,3,0,0203
2003-01-12,Malaga,Barcelona,0,0,D,0.0,0.0,D,,,,,,,,,,,,,,0,0,0203
2003-01-18,Barcelona,Valencia,2,4,A,1.0,2.0,A,,,,,,,,,,,,,,2,4,0203
2003-01-26,Celta,Barcelona,2,0,H,0.0,0.0,D,,,,,,,,,,,,,,0,2,0203
2003-02-01,Ath Madrid,Barcelona,3,0,H,1.0,0.0,H,,,,,,,,,,,,,,0,3,0203
2003-02-09,Barcelona,Ath Bilbao,2,2,D,2.0,0.0,H,,,,,,,,,,,,,,2,2,0203
2003-02-15,Espanol,Barcelona,0,2,A,0.0,2.0,A,,,,,,,,,,,,,,2,0,0203
2003-02-22,Barcelona,Betis,4,0,H,3.0,0.0,H,,,,,,,,,,,,,,4,0,0203
2003-03-02,Osasuna,Barcelona,2,2,D,0.0,0.0,D,,,,,,,,,,,,,,2,2,0203
2003-03-08,Barcelona,Valladolid,1,1,D,1.0,0.0,H,,,,,,,,,,,,,,1,1,0203
2003-03-16,Alaves,Barcelona,0,0,D,0.0,0.0,D,,,,,,,,,,,,,,0,0,0203
2003-03-23,Barcelona,Santander,6,1,H,3.0,0.0,H,,,,,,,,,,,,,,6,1,0203
2003-04-05,Villarreal,Barcelona,2,0,H,0.0,0.0,D,,,,,,,,,,,,,,0,2,0203
2003-04-12,Barcelona,La Coruna,2,4,A,2.0,1.0,H,,,,,,,,,,,,,,2,4,0203
2003-04-19,Real Madrid,Barcelona,1,1,D,1.0,1.0,D,,,,,,,,,,,,,,1,1,0203
2003-04-27,Barcelona,Sociedad,2,1,H,2.0,0.0,H,,,,,,,,,,,,,,2,1,0203
2003-05-04,Barcelona,Vallecano,3,0,H,0.0,0.0,D,,,,,,,,,,,,,,3,0,0203
2003-05-11,Sevilla,Barcelona,0,0,D,0.0,0.0,D,,,,,,,,,,,,,,0,0,0203
2003-05-18,Barcelona,Mallorca,1,2,A,0.0,1.0,A,,,,,,,,,,,,,,1,2,0203
2003-05-25,Recreativo,Barcelona,1,3,A,0.0,1.0,A,,,,,,,,,,,,,,3,1,0203
2003-06-01,Barcelona,Malaga,2,1,H,1.0,0.0,H,,,,,,,,,,,,,,2,1,0203
2003-06-15,Valencia,Barcelona,1,3,A,0.0,1.0,A,,,,,,,,,,,,,,3,1,0203
2003-06-22,Barcelona,Celta,2,0,H,1.0,0.0,H,,,,,,,,,,,,,,2,0,0203
2003-08-30,Ath Bilbao,Barcelona,0,1,A,0.0,1.0,A,,,,,,,,,,,,,,1,0,0304
2003-09-03,Barcelona,Sevilla,1,1,D,0.0,1.0,A,,,,,,,,,,,,,,1,1,0304
2003-09-14,Albacete,Barcelona,1,2,A,0.0,1.0,A,,,,,,,,,,,,,,2,1,0304
2003-09-20,Barcelona,Osasuna,1,1,D,0.0,0.0,D,,,,,,,,,,,,,,1,1,0304
2003-09-28,Ath Madrid,Barcelona,0,0,D,0.0,0.0,D,,,,,,,,,,,,,,0,0,0304
2003-10-05,Barcelona,Valencia,0,1,A,0.0,1.0,A,,,,,,,,,,,,,,0,1,0304
2003-10-18,Barcelona,La Coruna,0,2,A,0.0,1.0,A,,,,,,,,,,,,,,0,2,0304
2003-10-26,Mallorca,Barcelona,1,3,A,0.0,2.0,A,,,,,,,,,,,,,,3,1,0304
2003-10-29,Barcelona,Murcia,3,0,H,1.0,0.0,H,,,,,,,,,,,,,,3,0,0304
2003-11-02,Sociedad,Barcelona,3,3,D,0.0,1.0,A,,,,,,,,,,,,,,3,3,0304
2003-11-09,Barcelona,Betis,2,1,H,1.0,0.0,H,,,,,,,,,,,,,,2,1,0304
2003-11-22,Villarreal,Barcelona,2,1,H,1.0,0.0,H,,,,,,,,,,,,,,1,2,0304
2003-11-30,Barcelona,Valladolid,0,0,D,0.0,0.0,D,,,,,,,,,,,,,,0,0,0304
2003-12-03,Malaga,Barcelona,5,1,H,2.0,0.0,H,,,,,,,,,,,,,,1,5,0304
2003-12-06,Barcelona,Real Madrid,1,2,A,0.0,1.0,A,,,,,,,,,,,,,,1,2,0304
2003-12-13,Espanol,Barcelona,1,3,A,1.0,3.0,A,,,,,,,,,,,,,,3,1,0304
2003-12-21,Barcelona,Celta,1,1,D,0.0,1.0,A,,,,,,,,,,,,,,1,1,0304
2004-01-04,Santander,Barcelona,3,0,H,0.0,0.0,D,,,,,,,,,,,,,,0,3,0304
2004-01-11,Barcelona,Zaragoza,3,0,H,2.0,0.0,H,,,,,,,,,,,,,,3,0,0304
2004-01-17,Barcelona,Ath Bilbao,1,1,D,0.0,0.0,D,,,,,,,,,,,,,,1,1,0304
2004-01-25,Sevilla,Barcelona,0,1,A,0.0,1.0,A,,,,,,,,,,,,,,1,0,0304
2004-02-01,Barcelona,Albacete,5,0,H,1.0,0.0,H,,,,,,,,,,,,,,5,0,0304
2004-02-08,Osasuna,Barcelona,1,2,A,0.0,1.0,A,,,,,,,,,,,,,,2,1,0304
2004-02-15,Barcelona,Ath Madrid,3,1,H,3.0,1.0,H,,,,,,,,,,,,,,3,1,0304
2004-02-21,Valencia,Barcelona,0,1,A,0.0,0.0,D,,,,,,,,,,,,,,1,0,0304
2004-02-29,La Coruna,Barcelona,2,3,A,0.0,2.0,A,,,,,,,,,,,,,,3,2,0304
2004-03-07,Barcelona,Mallorca,3,2,H,2.0,0.0,H,,,,,,,,,,,,,,3,2,0304
2004-03-14,Murcia,Barcelona,0,2,A,0.0,1.0,A,,,,,,,,,,,,,,2,0,0304
2004-03-21,Barcelona,Sociedad,1,0,H,0.0,0.0,D,,,,,,,,,,,,,,1,0,0304
2004-04-03,Barcelona,Villarreal,0,0,D,0.0,0.0,D,,,,,,,,,,,,,,0,0,0304
2004-04-10,Valladolid,Barcelona,1,3,A,0.0,2.0,A,,,,,,,,,,,,,,3,1,0304
2004-04-14,Betis,Barcelona,1,1,D,1.0,1.0,D,,,,,,,,,,,,,,1,1,0304
2004-04-18,Barcelona,Malaga,3,0,H,3.0,0.0,H,,,,,,,,,,,,,,3,0,0304
2004-04-25,Real Madrid,Barcelona,1,2,A,0.0,0.0,D,,,,,,,,,,,,,,2,1,0304
2004-05-02,Barcelona,Espanol,4,1,H,2.0,1.0,H,,,,,,,,,,,,,,4,1,0304
2004-05-08,Celta,Barcelona,1,0,H,1.0,0.0,H,,,,,,,,,,,,,,0,1,0304
2004-05-16,Barcelona,Santander,1,0,H,1.0,0.0,H,,,,,,,,,,,,,,1,0,0304
2004-05-23,Zaragoza,Barcelona,2,1,H,1.0,1.0,D,,,,,,,,,,,,,,1,2,0304
2004-08-29,Santander,Barcelona,0,2,A,0.0,0.0,D,,,,,,,,,,,,,,2,0,0405
2004-09-11,Barcelona,Sevilla,2,0,H,1.0,0.0,H,,,,,,,,,,,,,,2,0,0405
2004-09-19,Ath Madrid,Barcelona,1,1,D,0.0,1.0,A,,,,,,,,,,,,,,1,1,0405
2004-09-23,Barcelona,Zaragoza,4,1,H,1.0,1.0,D,,,,,,,,,,,,,,4,1,0405
2004-09-26,Mallorca,Barcelona,1,3,A,0.0,3.0,A,,,,,,,,,,,,,,3,1,0405
2004-10-03,Barcelona,Numancia,1,0,H,0.0,0.0,D,,,,,,,,,,,,,,1,0,0405
2004-10-16,Espanol,Barcelona,0,1,A,0.0,1.0,A,,,,,,,,,,,,,,1,0,0405
2004-10-24,Barcelona,Osasuna,3,0,H,2.0,0.0,H,,,,,,,,,,,,,,3,0,0405
2004-10-30,Ath Bilbao,Barcelona,1,1,D,1.0,1.0,D,,,,,,,,,,,,,,1,1,0405
2004-11-06,Barcelona,La Coruna,2,1,H,2.0,1.0,H,,,,,,,,,,,,,,2,1,0405
2004-11-14,Betis,Barcelona,2,1,H,0.0,0.0,D,,,,,,,,,,,,,,1,2,0405
2004-11-20,Barcelona,Real Madrid,3,0,H,2.0,0.0,H,,,,,,,,,,,,,,3,0,0405
2004-11-27,Getafe,Barcelona,1,2,A,0.0,2.0,A,,,,,,,,,,,,,,2,1,0405
2004-12-04,Barcelona,Malaga,4,0,H,2.0,0.0,H,,,,,,,,,,,,,,4,0,0405
2004-12-11,Albacete,Barcelona,1,2,A,0.0,1.0,A,,,,,,,,,,,,,,2,1,0405
2004-12-18,Barcelona,Valencia,1,1,D,0.0,0.0,D,,,,,,,,,,,,,,1,1,0405
2004-12-21,Barcelona,Levante,2,1,H,1.0,0.0,H,,,,,,,,,,,,,,2,1,0405
2005-01-09,Villarreal,Barcelona,3,0,H,1.0,0.0,H,,,,,,,,,,,,,,0,3,0405
2005-01-16,Barcelona,Sociedad,1,0,H,0.0,0.0,D,,,,,,,,,,,,,,1,0,0405
2005-01-22,Barcelona,Santander,3,0,H,1.0,0.0,H,,,,,,,,,,,,,,3,0,0405
2005-01-29,Sevilla,Barcelona,0,4,A,0.0,0.0,D,,,,,,,,,,,,,,4,0,0405
2005-02-06,Barcelona,Ath Madrid,0,2,A,0.0,1.0,A,,,,,,,,,,,,,,0,2,0405
2005-02-12,Zaragoza,Barcelona,1,4,A,0.0,3.0,A,,,,,,,,,,,,,,4,1,0405
2005-02-19,Barcelona,Mallorca,2,0,H,1.0,0.0,H,,,,,,,,,,,,,,2,0,0405
2005-02-26,Numancia,Barcelona,1,1,D,1.0,0.0,H,,,,,,,,,,,,,,1,1,0405
2005-03-01,Barcelona,Espanol,0,0,D,0.0,0.0,D,,,,,,,,,,,,,,0,0,0405
2005-03-05,Osasuna,Barcelona,0,1,A,0.0,1.0,A,,,,,,,,,,,,,,1,0,0405
2005-03-12,Barcelona,Ath Bilbao,2,0,H,2.0,0.0,H,,,,,,,,,,,,,,2,0,0405
2005-03-19,La Coruna,Barcelona,0,1,A,0.0,1.0,A,,,,,,,,,,,,,,1,0,0405
2005-04-03,Barcelona,Betis,3,3,D,1.0,2.0,A,,,,,,,,,,,,,,3,3,0405
2005-04-10,Real Madrid,Barcelona,4,2,H,3.0,1.0,H,,,,,,,,,,,,,,2,4,0405
2005-04-17,Barcelona,Getafe,2,0,H,1.0,0.0,H,,,,,,,,,,,,,,2,0,0405
2005-04-24,Malaga,Barcelona,0,4,A,0.0,2.0,A,,,,,,,,,,,,,,4,0,0405
2005-05-01,Barcelona,Albacete,2,0,H,0.0,0.0,D,,,,,,,,,,,,,,2,0,0405
2005-05-08,Valencia,Barcelona,0,2,A,0.0,2.0,A,,,,,,,,,,,,,,2,0,0405
2005-05-14,Levante,Barcelona,1,1,D,1.0,0.0,H,,,,,,,,,,,,,,1,1,0405
2005-05-22,Barcelona,Villarreal,3,3,D,2.0,2.0,D,,,,,,,,,,,,,,3,3,0405
2005-05-29,Sociedad,Barcelona,0,0,D,0.0,0.0,D,,,,,,,,,,,,,,0,0,0405
2005-08-27,Alaves,Barcelona,0,0,D,0.0,0.0,D,,5.0,17.0,0.0,10.0,17.0,19.0,3.0,7.0,0.0,1.0,0.0,0.0,0,0,0506
2005-09-11,Barcelona,Mallorca,2,0,H,2.0,0.0,H,,23.0,6.0,7.0,0.0,13.0,20.0,7.0,3.0,2.0,2.0,0.0,2.0,2,0,0506
2005-09-18,Ath Madrid,Barcelona,2,1,H,1.0,1.0,D,,16.0,18.0,6.0,4.0,22.0,17.0,5.0,7.0,2.0,2.0,1.0,0.0,1,2,0506
2005-09-21,Barcelona,Valencia,2,2,D,1.0,0.0,H,,10.0,5.0,5.0,4.0,30.0,25.0,7.0,0.0,3.0,2.0,0.0,0.0,2,2,0506
2005-09-24,Betis,Barcelona,1,4,A,1.0,1.0,D,,9.0,23.0,5.0,10.0,19.0,17.0,1.0,7.0,4.0,2.0,1.0,0.0,4,1,0506
2005-10-01,Barcelona,Zaragoza,2,2,D,0.0,0.0,D,,22.0,7.0,7.0,3.0,16.0,23.0,1.0,2.0,4.0,3.0,0.0,1.0,2,2,0506
2005-10-15,La Coruna,Barcelona,3,3,D,1.0,2.0,A,,9.0,13.0,4.0,6.0,19.0,18.0,2.0,3.0,4.0,4.0,0.0,0.0,3,3,0506
2005-10-22,Barcelona,Osasuna,3,0,H,0.0,0.0,D,,24.0,6.0,10.0,1.0,10.0,21.0,7.0,2.0,1.0,4.0,0.0,0.0,3,0,0506
2005-10-26,Barcelona,Malaga,2,0,H,0.0,0.0,D,,36.0,4.0,20.0,1.0,6.0,24.0,12.0,2.0,0.0,5.0,0.0,0.0,2,0,0506
2005-10-30,Barcelona,Sociedad,5,0,H,2.0,0.0,H,,21.0,2.0,8.0,1.0,13.0,9.0,4.0,5.0,1.0,3.0,0.0,1.0,5,0,0506
2005-11-06,Getafe,Barcelona,1,3,A,0.0,1.0,A,,7.0,10.0,3.0,7.0,20.0,10.0,5.0,4.0,1.0,0.0,0.0,0.0,3,1,0506
2005-11-19,Real Madrid,Barcelona,0,3,A,0.0,1.0,A,,5.0,20.0,2.0,7.0,25.0,16.0,3.0,6.0,6.0,2.0,0.0,0.0,3,0,0506
2005-11-27,Barcelona,Santander,4,1,H,1.0,0.0,H,,25.0,3.0,7.0,1.0,13.0,30.0,8.0,0.0,1.0,2.0,0.0,1.0,4,1,0506
2005-12-04,Villarreal,Barcelona,0,2,A,0.0,1.0,A,,6.0,11.0,1.0,4.0,19.0,24.0,5.0,5.0,2.0,4.0,0.0,1.0,2,0,0506
2005-12-11,Barcelona,Sevilla,2,1,H,0.0,0.0,D,,14.0,7.0,3.0,2.0,24.0,19.0,7.0,1.0,4.0,2.0,0.0,0.0,2,1,0506
2005-12-17,Cadiz,Barcelona,1,3,A,0.0,2.0,A,,12.0,19.0,1.0,9.0,13.0,17.0,4.0,8.0,2.0,1.0,0.0,0.0,3,1,0506
2005-12-20,Barcelona,Celta,2,0,H,1.0,0.0,H,,15.0,4.0,7.0,2.0,15.0,26.0,6.0,1.0,1.0,3.0,0.0,0.0,2,0,0506
2006-01-07,Espanol,Barcelona,1,2,A,0.0,1.0,A,,9.0,19.0,3.0,7.0,29.0,20.0,5.0,6.0,6.0,3.0,0.0,0.0,2,1,0506
2006-01-15,Barcelona,Ath Bilbao,2,1,H,1.0,1.0,D,,16.0,8.0,9.0,2.0,18.0,24.0,7.0,5.0,2.0,4.0,1.0,0.0,2,1,0506
2006-01-22,Barcelona,Alaves,2,0,H,0.0,0.0,D,,25.0,3.0,7.0,1.0,23.0,19.0,7.0,5.0,1.0,2.0,0.0,0.0,2,0,0506
2006-01-29,Mallorca,Barcelona,0,3,A,0.0,1.0,A,,5.0,15.0,2.0,4.0,17.0,13.0,2.0,6.0,4.0,3.0,1.0,0.0,3,0,0506
2006-02-05,Barcelona,Ath Madrid,1,3,A,0.0,1.0,A,,15.0,13.0,6.0,5.0,19.0,26.0,6.0,2.0,3.0,4.0,0.0,0.0,1,3,0506
2006-02-12,Valencia,Barcelona,1,0,H,1.0,0.0,H,,9.0,18.0,4.0,5.0,19.0,21.0,1.0,5.0,3.0,4.0,0.0,0.0,0,1,0506
2006-02-18,Barcelona,Betis,5,1,H,3.0,0.0,H,,19.0,13.0,8.0,8.0,20.0,22.0,4.0,6.0,4.0,2.0,0.0,0.0,5,1,0506
2006-02-25,Zaragoza,Barcelona,0,2,A,0.0,0.0,D,,5.0,8.0,2.0,2.0,20.0,15.0,3.0,1.0,1.0,0.0,1.0,0.0,2,0,0506
2006-03-04,Barcelona,La Coruna,3,2,H,2.0,2.0,D,,16.0,7.0,7.0,2.0,10.0,27.0,8.0,2.0,3.0,5.0,0.0,0.0,3,2,0506
2006-03-12,Osasuna,Barcelona,2,1,H,1.0,0.0,H,,11.0,8.0,3.0,4.0,29.0,19.0,2.0,1.0,6.0,2.0,0.0,2.0,1,2,0506
2006-03-18,Sociedad,Barcelona,0,2,A,0.0,1.0,A,,9.0,14.0,5.0,6.0,21.0,14.0,7.0,3.0,2.0,2.0,0.0,0.0,2,0,0506
2006-03-21,Barcelona,Getafe,3,1,H,1.0,1.0,D,,15.0,9.0,4.0,4.0,17.0,18.0,10.0,6.0,1.0,2.0,0.0,0.0,3,1,0506
2006-03-25,Malaga,Barcelona,0,0,D,0.0,0.0,D,,13.0,23.0,5.0,10.0,32.0,20.0,6.0,5.0,2.0,0.0,0.0,0.0,0,0,0506
2006-04-01,Barcelona,Real Madrid,1,1,D,1.0,1.0,D,,35.0,3.0,11.0,1.0,21.0,18.0,12.0,0.0,2.0,6.0,0.0,1.0,1,1,0506
2006-04-09,Santander,Barcelona,2,2,D,2.0,2.0,D,,8.0,10.0,3.0,3.0,19.0,15.0,4.0,1.0,4.0,1.0,0.0,1.0,2,2,0506
2006-04-14,Barcelona,Villarreal,1,0,H,1.0,0.0,H,,14.0,10.0,4.0,3.0,21.0,18.0,8.0,4.0,1.0,3.0,0.0,0.0,1,0,0506
2006-04-29,Barcelona,Cadiz,1,0,H,1.0,0.0,H,,14.0,7.0,4.0,4.0,15.0,19.0,2.0,4.0,1.0,3.0,0.0,0.0,1,0,0506
2006-05-03,Celta,Barcelona,0,1,A,0.0,0.0,D,,13.0,14.0,1.0,5.0,17.0,17.0,7.0,2.0,3.0,3.0,0.0,0.0,1,0,0506
2006-05-06,Barcelona,Espanol,2,0,H,1.0,0.0,H,,15.0,19.0,5.0,9.0,14.0,24.0,8.0,7.0,0.0,1.0,0.0,0.0,2,0,0506
2006-05-13,Sevilla,Barcelona,3,2,H,2.0,2.0,D,,16.0,16.0,4.0,4.0,16.0,20.0,8.0,4.0,4.0,1.0,0.0,1.0,2,3,0506
2006-05-20,Ath Bilbao,Barcelona,3,1,H,0.0,1.0,A,,15.0,13.0,6.0,4.0,16.0,9.0,5.0,1.0,0.0,1.0,0.0,0.0,1,3,0506
2006-08-28,Celta,Barcelona,2,3,A,1.0,0.0,H,,12.0,12.0,3.0,6.0,21.0,16.0,4.0,7.0,0.0,2.0,1.0,0.0,3,2,0607
2006-09-09,Barcelona,Osasuna,3,0,H,3.0,0.0,H,,16.0,9.0,6.0,2.0,8.0,15.0,5.0,2.0,0.0,1.0,0.0,0.0,3,0,0607
2006-09-17,Santander,Barcelona,0,3,A,0.0,1.0,A,,8.0,20.0,3.0,7.0,31.0,14.0,2.0,4.0,5.0,3.0,1.0,0.0,3,0,0607
2006-09-24,Barcelona,Valencia,1,1,D,0.0,1.0,A,,21.0,6.0,6.0,2.0,12.0,12.0,6.0,3.0,1.0,3.0,0.0,0.0,1,1,0607
2006-09-30,Ath Bilbao,Barcelona,1,3,A,1.0,1.0,D,,5.0,16.0,2.0,4.0,6.0,10.0,5.0,3.0,0.0,1.0,1.0,0.0,3,1,0607
2006-10-15,Barcelona,Sevilla,3,1,H,2.0,1.0,H,,7.0,3.0,5.0,2.0,1.0,3.0,2.0,2.0,1.0,6.0,0.0,0.0,3,1,0607
2006-10-22,Real Madrid,Barcelona,2,0,H,1.0,0.0,H,,18.0,14.0,6.0,2.0,26.0,12.0,2.0,5.0,4.0,2.0,0.0,0.0,0,2,0607
2006-10-28,Barcelona,Recreativo,3,0,H,1.0,0.0,H,,12.0,6.0,8.0,4.0,22.0,14.0,0.0,3.0,2.0,2.0,0.0,0.0,3,0,0607
2006-11-04,La Coruna,Barcelona,1,1,D,0.0,1.0,A,,21.0,11.0,4.0,2.0,16.0,27.0,5.0,2.0,4.0,6.0,0.0,0.0,1,1,0607
2006-11-12,Barcelona,Zaragoza,3,1,H,1.0,1.0,D,,9.0,12.0,4.0,4.0,23.0,16.0,7.0,5.0,4.0,5.0,1.0,1.0,3,1,0607
2006-11-19,Mallorca,Barcelona,1,4,A,0.0,1.0,A,,6.0,9.0,2.0,5.0,23.0,18.0,3.0,5.0,1.0,1.0,1.0,0.0,4,1,0607
2006-11-25,Barcelona,Villarreal,4,0,H,1.0,0.0,H,,18.0,11.0,12.0,4.0,15.0,13.0,11.0,3.0,2.0,5.0,0.0,0.0,4,0,0607
2006-12-02,Levante,Barcelona,1,1,D,0.0,1.0,A,,16.0,15.0,8.0,4.0,24.0,14.0,8.0,3.0,1.0,2.0,0.0,0.0,1,1,0607
2006-12-09,Barcelona,Sociedad,1,0,H,0.0,0.0,D,,14.0,9.0,5.0,2.0,10.0,14.0,5.0,7.0,0.0,4.0,1.0,0.0,1,0,0607
2006-12-21,Barcelona,Ath Madrid,1,1,D,1.0,0.0,H,,13.0,6.0,4.0,2.0,20.0,25.0,6.0,4.0,4.0,5.0,0.0,0.0,1,1,0607
2007-01-07,Getafe,Barcelona,1,1,D,0.0,0.0,D,,13.0,8.0,3.0,3.0,28.0,13.0,6.0,4.0,0.0,1.0,1.0,0.0,1,1,0607
2007-01-13,Espanol,Barcelona,3,1,H,1.0,0.0,H,,17.0,12.0,9.0,6.0,30.0,20.0,3.0,2.0,8.0,2.0,0.0,0.0,1,3,0607
2007-01-21,Barcelona,Gimnastic,3,0,H,1.0,0.0,H,,11.0,5.0,5.0,0.0,18.0,23.0,1.0,1.0,1.0,2.0,0.0,0.0,3,0,0607
2007-01-24,Betis,Barcelona,1,1,D,1.0,0.0,H,,11.0,9.0,4.0,5.0,19.0,16.0,4.0,7.0,2.0,4.0,0.0,0.0,1,1,0607
2007-01-28,Barcelona,Celta,3,1,H,1.0,0.0,H,,15.0,4.0,9.0,2.0,15.0,23.0,5.0,2.0,1.0,4.0,0.0,1.0,3,1,0607
2007-02-04,Osasuna,Barcelona,0,0,D,0.0,0.0,D,,15.0,13.0,3.0,3.0,18.0,22.0,1.0,5.0,2.0,2.0,0.0,0.0,0,0,0607
2007-02-11,Barcelona,Santander,2,0,H,0.0,0.0,D,,17.0,6.0,7.0,2.0,15.0,22.0,2.0,3.0,1.0,1.0,0.0,0.0,2,0,0607
2007-02-18,Valencia,Barcelona,2,1,H,0.0,0.0,D,,6.0,13.0,3.0,3.0,19.0,11.0,2.0,6.0,3.0,5.0,1.0,1.0,1,2,0607
2007-02-25,Barcelona,Ath Bilbao,3,0,H,3.0,0.0,H,,15.0,5.0,8.0,1.0,13.0,20.0,9.0,0.0,0.0,1.0,0.0,0.0,3,0,0607
2007-03-03,Sevilla,Barcelona,2,1,H,1.0,1.0,D,,14.0,9.0,6.0,5.0,19.0,20.0,5.0,2.0,2.0,2.0,1.0,2.0,1,2,0607
2007-03-10,Barcelona,Real Madrid,3,3,D,2.0,2.0,D,,18.0,13.0,9.0,7.0,23.0,23.0,2.0,3.0,3.0,5.0,1.0,0.0,3,3,0607
2007-03-17,Recreativo,Barcelona,0,4,A,0.0,3.0,A,,13.0,11.0,6.0,6.0,10.0,10.0,3.0,2.0,1.0,2.0,0.0,0.0,4,0,0607
2007-03-31,Barcelona,La Coruna,2,1,H,1.0,0.0,H,,19.0,13.0,6.0,3.0,19.0,24.0,4.0,6.0,3.0,2.0,0.0,0.0,2,1,0607
2007-04-07,Zaragoza,Barcelona,1,0,H,0.0,0.0,D,,14.0,8.0,5.0,4.0,25.0,24.0,2.0,5.0,3.0,6.0,0.0,0.0,0,1,0607
2007-04-15,Barcelona,Mallorca,1,0,H,0.0,0.0,D,,24.0,5.0,4.0,3.0,16.0,15.0,7.0,0.0,1.0,2.0,0.0,0.0,1,0,0607
2007-04-22,Villarreal,Barcelona,2,0,H,0.0,0.0,D,,9.0,15.0,5.0,7.0,15.0,14.0,4.0,8.0,2.0,2.0,0.0,0.0,0,2,0607
2007-04-29,Barcelona,Levante,1,0,H,1.0,0.0,H,,16.0,9.0,8.0,2.0,13.0,23.0,3.0,2.0,2.0,4.0,0.0,0.0,1,0,0607
2007-05-05,Sociedad,Barcelona,0,2,A,0.0,0.0,D,,8.0,12.0,1.0,6.0,24.0,12.0,4.0,9.0,4.0,2.0,0.0,0.0,2,0,0607
2007-05-13,Barcelona,Betis,1,1,D,1.0,0.0,H,,18.0,4.0,3.0,3.0,21.0,24.0,7.0,5.0,2.0,3.0,0.0,0.0,1,1,0607
2007-05-20,Ath Madrid,Barcelona,0,6,A,0.0,3.0,A,,17.0,20.0,7.0,11.0,15.0,11.0,10.0,6.0,2.0,0.0,1.0,0.0,6,0,0607
2007-05-26,Barcelona,Getafe,1,0,H,1.0,0.0,H,,12.0,9.0,5.0,3.0,14.0,22.0,4.0,3.0,3.0,5.0,1.0,0.0,1,0,0607
2007-06-09,Barcelona,Espanol,2,2,D,1.0,1.0,D,,25.0,8.0,6.0,5.0,20.0,21.0,11.0,1.0,2.0,4.0,0.0,0.0,2,2,0607
2007-06-17,Gimnastic,Barcelona,1,5,A,0.0,3.0,A,,10.0,23.0,2.0,12.0,23.0,8.0,2.0,6.0,1.0,0.0,0.0,0.0,5,1,0607
2007-08-26,Santander,Barcelona,0,0,D,0.0,0.0,D,,14.0,13.0,5.0,3.0,13.0,11.0,4.0,8.0,1.0,1.0,1.0,0.0,0,0,0708
2007-09-02,Barcelona,Ath Bilbao,3,1,H,2.0,0.0,H,,16.0,9.0,6.0,5.0,20.0,15.0,4.0,4.0,1.0,2.0,1.0,1.0,3,1,0708
2007-09-16,Osasuna,Barcelona,0,0,D,0.0,0.0,D,,7.0,9.0,2.0,3.0,19.0,18.0,2.0,1.0,3.0,2.0,0.0,0.0,0,0,0708
2007-09-22,Barcelona,Sevilla,2,1,H,0.0,0.0,D,,15.0,6.0,6.0,2.0,22.0,19.0,6.0,1.0,3.0,5.0,0.0,0.0,2,1,0708
2007-09-26,Barcelona,Zaragoza,4,1,H,4.0,1.0,H,,25.0,5.0,13.0,3.0,8.0,17.0,12.0,0.0,2.0,3.0,0.0,0.0,4,1,0708
2007-09-29,Levante,Barcelona,1,4,A,0.0,2.0,A,,7.0,15.0,3.0,9.0,15.0,14.0,2.0,3.0,5.0,0.0,0.0,0.0,4,1,0708
2007-10-07,Barcelona,Ath Madrid,3,0,H,2.0,0.0,H,,17.0,8.0,10.0,3.0,11.0,16.0,5.0,5.0,1.0,4.0,0.0,0.0,3,0,0708
2007-10-20,Villarreal,Barcelona,3,1,H,3.0,1.0,H,,8.0,13.0,4.0,6.0,13.0,21.0,0.0,9.0,1.0,3.0,0.0,0.0,1,3,0708
2007-10-28,Barcelona,Almeria,2,0,H,1.0,0.0,H,,14.0,7.0,6.0,3.0,16.0,12.0,11.0,0.0,2.0,3.0,0.0,0.0,2,0,0708
2007-11-01,Valladolid,Barcelona,1,1,D,1.0,1.0,D,,13.0,12.0,8.0,2.0,22.0,12.0,4.0,11.0,1.0,0.0,0.0,0.0,1,1,0708
2007-11-04,Barcelona,Betis,3,0,H,1.0,0.0,H,,19.0,6.0,7.0,2.0,6.0,23.0,6.0,4.0,0.0,3.0,0.0,0.0,3,0,0708
2007-11-10,Getafe,Barcelona,2,0,H,1.0,0.0,H,,13.0,10.0,5.0,2.0,19.0,13.0,3.0,4.0,2.0,4.0,0.0,1.0,0,2,0708
2007-11-24,Barcelona,Recreativo,3,0,H,0.0,0.0,D,,19.0,4.0,7.0,0.0,13.0,13.0,13.0,2.0,2.0,4.0,0.0,0.0,3,0,0708
2007-12-01,Espanol,Barcelona,1,1,D,0.0,1.0,A,,12.0,16.0,2.0,7.0,17.0,16.0,4.0,7.0,2.0,1.0,0.0,0.0,1,1,0708
2007-12-09,Barcelona,La Coruna,2,1,H,1.0,1.0,D,,20.0,9.0,12.0,5.0,18.0,20.0,10.0,0.0,1.0,3.0,0.0,0.0,2,1,0708
2007-12-15,Valencia,Barcelona,0,3,A,0.0,2.0,A,,11.0,16.0,2.0,11.0,18.0,15.0,3.0,6.0,3.0,1.0,0.0,0.0,3,0,0708
2007-12-23,Barcelona,Real Madrid,0,1,A,0.0,1.0,A,,16.0,11.0,6.0,5.0,19.0,23.0,7.0,0.0,2.0,1.0,0.0,0.0,0,1,0708
2008-01-05,Mallorca,Barcelona,0,2,A,0.0,0.0,D,,10.0,15.0,2.0,4.0,16.0,12.0,2.0,5.0,1.0,3.0,0.0,0.0,2,0,0708
2008-01-12,Barcelona,Murcia,4,0,H,1.0,0.0,H,,18.0,9.0,10.0,3.0,13.0,9.0,4.0,5.0,3.0,1.0,0.0,0.0,4,0,0708
2008-01-20,Barcelona,Santander,1,0,H,1.0,0.0,H,,12.0,9.0,2.0,1.0,10.0,19.0,5.0,2.0,1.0,2.0,0.0,0.0,1,0,0708
2008-01-27,Ath Bilbao,Barcelona,1,1,D,0.0,1.0,A,,17.0,8.0,6.0,2.0,21.0,12.0,3.0,3.0,3.0,0.0,0.0,0.0,1,1,0708
2008-02-03,Barcelona,Osasuna,1,0,H,0.0,0.0,D,,17.0,9.0,6.0,3.0,18.0,17.0,10.0,1.0,0.0,3.0,0.0,0.0,1,0,0708
2008-02-09,Sevilla,Barcelona,1,1,D,1.0,0.0,H,,19.0,13.0,6.0,5.0,20.0,14.0,2.0,2.0,3.0,4.0,1.0,0.0,1,1,0708
2008-02-16,Zaragoza,Barcelona,1,2,A,0.0,1.0,A,,13.0,12.0,3.0,5.0,22.0,17.0,2.0,3.0,4.0,2.0,0.0,0.0,2,1,0708
2008-02-24,Barcelona,Levante,5,1,H,2.0,1.0,H,,21.0,8.0,8.0,4.0,11.0,8.0,8.0,4.0,0.0,0.0,0.0,0.0,5,1,0708
2008-03-01,Ath Madrid,Barcelona,4,2,H,2.0,1.0,H,,8.0,17.0,6.0,5.0,15.0,16.0,0.0,5.0,4.0,4.0,0.0,0.0,2,4,0708
2008-03-09,Barcelona,Villarreal,1,2,A,0.0,1.0,A,,9.0,8.0,4.0,4.0,22.0,18.0,10.0,2.0,5.0,4.0,0.0,0.0,1,2,0708
2008-03-16,Almeria,Barcelona,2,2,D,1.0,1.0,D,,18.0,8.0,5.0,5.0,15.0,12.0,8.0,5.0,0.0,3.0,0.0,1.0,2,2,0708
2008-03-23,Barcelona,Valladolid,4,1,H,1.0,1.0,D,,18.0,11.0,11.0,2.0,12.0,18.0,4.0,4.0,1.0,1.0,0.0,0.0,4,1,0708
2008-03-29,Betis,Barcelona,3,2,H,0.0,2.0,A,,13.0,13.0,8.0,5.0,18.0,12.0,3.0,3.0,2.0,0.0,0.0,0.0,2,3,0708
2008-04-06,Barcelona,Getafe,0,0,D,0.0,0.0,D,,19.0,11.0,2.0,4.0,14.0,9.0,9.0,3.0,2.0,1.0,0.0,0.0,0,0,0708
2008-04-12,Recreativo,Barcelona,2,2,D,1.0,1.0,D,,14.0,11.0,5.0,3.0,24.0,15.0,5.0,5.0,2.0,2.0,0.0,0.0,2,2,0708
2008-04-19,Barcelona,Espanol,0,0,D,0.0,0.0,D,,18.0,6.0,6.0,1.0,15.0,16.0,7.0,2.0,6.0,6.0,0.0,0.0,0,0,0708
2008-04-26,La Coruna,Barcelona,2,0,H,0.0,0.0,D,,24.0,10.0,6.0,1.0,16.0,17.0,4.0,2.0,1.0,4.0,0.0,0.0,0,2,0708
2008-05-04,Barcelona,Valencia,6,0,H,3.0,0.0,H,,17.0,6.0,12.0,2.0,16.0,15.0,7.0,5.0,3.0,3.0,0.0,0.0,6,0,0708
2008-05-07,Real Madrid,Barcelona,4,1,H,2.0,0.0,H,,19.0,14.0,12.0,4.0,14.0,18.0,5.0,3.0,3.0,4.0,0.0,1.0,1,4,0708
2008-05-11,Barcelona,Mallorca,2,3,A,1.0,0.0,H,,12.0,22.0,4.0,9.0,17.0,11.0,6.0,9.0,1.0,2.0,1.0,0.0,2,3,0708
2008-05-17,Murcia,Barcelona,3,5,A,1.0,3.0,A,,21.0,16.0,9.0,9.0,14.0,12.0,10.0,6.0,2.0,1.0,0.0,0.0,5,3,0708
2008-08-31,Numancia,Barcelona,1,0,H,1.0,0.0,H,,5.0,25.0,2.0,5.0,16.0,8.0,2.0,7.0,0.0,2.0,0.0,0.0,0,1,0809
2008-09-13,Barcelona,Santander,1,1,D,0.0,0.0,D,,18.0,2.0,7.0,1.0,9.0,20.0,9.0,1.0,1.0,7.0,0.0,0.0,1,1,0809
2008-09-21,Sp Gijon,Barcelona,1,6,A,0.0,2.0,A,,5.0,23.0,2.0,8.0,16.0,8.0,3.0,14.0,2.0,0.0,1.0,0.0,6,1,0809
2008-09-24,Barcelona,Betis,3,2,H,2.0,0.0,H,,18.0,8.0,8.0,3.0,11.0,19.0,6.0,5.0,2.0,3.0,0.0,0.0,3,2,0809
2008-09-27,Espanol,Barcelona,1,2,A,1.0,0.0,H,,5.0,33.0,3.0,8.0,26.0,17.0,0.0,12.0,3.0,2.0,1.0,0.0,2,1,0809
2008-10-04,Barcelona,Ath Madrid,6,1,H,5.0,1.0,H,,19.0,7.0,8.0,2.0,11.0,18.0,5.0,1.0,1.0,5.0,0.0,0.0,6,1,0809
2008-10-19,Ath Bilbao,Barcelona,0,1,A,0.0,0.0,D,,9.0,14.0,3.0,3.0,17.0,19.0,7.0,5.0,3.0,3.0,0.0,0.0,1,0,0809
2008-10-25,Barcelona,Almeria,5,0,H,5.0,0.0,H,,13.0,6.0,9.0,2.0,13.0,15.0,6.0,6.0,0.0,3.0,0.0,1.0,5,0,0809
2008-11-01,Malaga,Barcelona,1,4,A,1.0,2.0,A,,5.0,14.0,2.0,4.0,19.0,24.0,1.0,4.0,2.0,3.0,0.0,0.0,4,1,0809
2008-11-08,Barcelona,Valladolid,6,0,H,4.0,0.0,H,,22.0,3.0,13.0,2.0,9.0,9.0,9.0,5.0,1.0,1.0,0.0,0.0,6,0,0809
2008-11-16,Recreativo,Barcelona,0,2,A,0.0,0.0,D,,7.0,21.0,2.0,8.0,21.0,12.0,5.0,5.0,3.0,2.0,0.0,0.0,2,0,0809
2008-11-23,Barcelona,Getafe,1,1,D,0.0,1.0,A,,14.0,7.0,4.0,4.0,19.0,20.0,13.0,5.0,3.0,4.0,0.0,0.0,1,1,0809
2008-11-29,Sevilla,Barcelona,0,3,A,0.0,1.0,A,,10.0,22.0,2.0,9.0,16.0,13.0,1.0,2.0,0.0,3.0,1.0,0.0,3,0,0809
2008-12-06,Barcelona,Valencia,4,0,H,2.0,0.0,H,,17.0,5.0,7.0,2.0,15.0,20.0,3.0,3.0,0.0,5.0,0.0,0.0,4,0,0809
2008-12-13,Barcelona,Real Madrid,2,0,H,0.0,0.0,D,,19.0,6.0,8.0,3.0,13.0,19.0,11.0,4.0,3.0,5.0,0.0,0.0,2,0,0809
2008-12-21,Villarreal,Barcelona,1,2,A,0.0,0.0,D,,8.0,16.0,1.0,7.0,17.0,22.0,4.0,7.0,3.0,2.0,0.0,1.0,2,1,0809
2009-01-03,Barcelona,Mallorca,3,1,H,1.0,1.0,D,,18.0,6.0,8.0,3.0,11.0,17.0,5.0,0.0,4.0,4.0,0.0,1.0,3,1,0809
2009-01-11,Osasuna,Barcelona,2,3,A,0.0,1.0,A,,6.0,17.0,5.0,9.0,11.0,11.0,2.0,7.0,2.0,3.0,0.0,0.0,3,2,0809
2009-01-17,Barcelona,La Coruna,5,0,H,3.0,0.0,H,,21.0,1.0,10.0,0.0,8.0,12.0,9.0,4.0,0.0,0.0,0.0,1.0,5,0,0809
2009-01-24,Barcelona,Numancia,4,1,H,0.0,0.0,D,,24.0,4.0,8.0,2.0,14.0,13.0,3.0,2.0,2.0,3.0,0.0,1.0,4,1,0809
2009-02-01,Santander,Barcelona,1,2,A,0.0,0.0,D,,7.0,8.0,4.0,2.0,21.0,12.0,2.0,3.0,1.0,2.0,0.0,2.0,2,1,0809
2009-02-08,Barcelona,Sp Gijon,3,1,H,2.0,0.0,H,,18.0,5.0,7.0,1.0,13.0,19.0,7.0,2.0,2.0,3.0,0.0,0.0,3,1,0809
2009-02-14,Betis,Barcelona,2,2,D,2.0,1.0,H,,7.0,23.0,5.0,12.0,20.0,14.0,1.0,7.0,3.0,2.0,0.0,0.0,2,2,0809
2009-02-21,Barcelona,Espanol,1,2,A,0.0,0.0,D,,20.0,4.0,2.0,2.0,14.0,24.0,4.0,2.0,6.0,6.0,1.0,0.0,1,2,0809
2009-03-01,Ath Madrid,Barcelona,4,3,H,1.0,2.0,A,,22.0,14.0,9.0,6.0,15.0,17.0,6.0,3.0,3.0,2.0,0.0,0.0,3,4,0809
2009-03-07,Barcelona,Ath Bilbao,2,0,H,2.0,0.0,H,,28.0,5.0,10.0,0.0,16.0,24.0,5.0,1.0,3.0,4.0,0.0,0.0,2,0,0809
2009-03-15,Almeria,Barcelona,0,2,A,0.0,0.0,D,,5.0,17.0,1.0,7.0,11.0,10.0,5.0,5.0,4.0,0.0,0.0,0.0,2,0,0809
2009-03-22,Barcelona,Malaga,6,0,H,4.0,0.0,H,,27.0,10.0,14.0,3.0,9.0,15.0,10.0,7.0,2.0,3.0,0.0,0.0,6,0,0809
2009-04-04,Valladolid,Barcelona,0,1,A,0.0,1.0,A,,7.0,13.0,2.0,4.0,21.0,9.0,4.0,4.0,1.0,0.0,0.0,0.0,1,0,0809
2009-04-11,Barcelona,Recreativo,2,0,H,1.0,0.0,H,,16.0,7.0,6.0,4.0,12.0,14.0,15.0,4.0,0.0,1.0,0.0,0.0,2,0,0809
2009-04-18,Getafe,Barcelona,0,1,A,0.0,1.0,A,,3.0,17.0,0.0,8.0,19.0,9.0,1.0,5.0,4.0,2.0,0.0,0.0,1,0,0809
2009-04-22,Barcelona,Sevilla,4,0,H,2.0,0.0,H,,28.0,6.0,7.0,2.0,11.0,17.0,9.0,2.0,2.0,2.0,0.0,0.0,4,0,0809
2009-04-25,Valencia,Barcelona,2,2,D,2.0,1.0,H,,10.0,14.0,5.0,6.0,21.0,9.0,5.0,9.0,5.0,2.0,0.0,0.0,2,2,0809
2009-05-02,Real Madrid,Barcelona,2,6,A,1.0,3.0,A,,5.0,17.0,4.0,13.0,22.0,9.0,3.0,2.0,4.0,2.0,0.0,0.0,6,2,0809
2009-05-10,Barcelona,Villarreal,3,3,D,3.0,1.0,H,,15.0,6.0,3.0,4.0,15.0,20.0,4.0,0.0,1.0,3.0,1.0,0.0,3,3,0809
2009-05-17,Mallorca,Barcelona,2,1,H,0.0,1.0,A,,16.0,17.0,7.0,10.0,16.0,20.0,8.0,7.0,1.0,2.0,0.0,0.0,1,2,0809
2009-05-23,Barcelona,Osasuna,0,1,A,0.0,1.0,A,,9.0,10.0,3.0,4.0,6.0,18.0,7.0,5.0,3.0,3.0,1.0,0.0,0,1,0809
2009-05-30,La Coruna,Barcelona,1,1,D,1.0,0.0,H,,15.0,18.0,6.0,5.0,6.0,16.0,7.0,5.0,1.0,1.0,0.0,0.0,1,1,0809
2009-08-31,Barcelona,Sp Gijon,3,0,H,2.0,0.0,H,,20.0,9.0,9.0,5.0,10.0,12.0,9.0,7.0,0.0,2.0,0.0,0.0,3,0,0910
2009-09-12,Getafe,Barcelona,0,2,A,0.0,0.0,D,,19.0,14.0,3.0,9.0,15.0,19.0,2.0,5.0,3.0,0.0,0.0,0.0,2,0,0910
2009-09-19,Barcelona,Ath Madrid,5,2,H,4.0,1.0,H,,8.0,14.0,6.0,4.0,8.0,17.0,7.0,8.0,1.0,3.0,0.0,0.0,5,2,0910
2009-09-22,Santander,Barcelona,1,4,A,0.0,3.0,A,,4.0,20.0,2.0,6.0,10.0,10.0,2.0,3.0,4.0,1.0,0.0,0.0,4,1,0910
2009-09-26,Malaga,Barcelona,0,2,A,0.0,1.0,A,,3.0,11.0,0.0,6.0,16.0,17.0,3.0,1.0,3.0,3.0,1.0,0.0,2,0,0910
2009-10-03,Barcelona,Almeria,1,0,H,1.0,0.0,H,,17.0,0.0,7.0,0.0,18.0,14.0,10.0,3.0,3.0,3.0,0.0,0.0,1,0,0910
2009-10-17,Valencia,Barcelona,0,0,D,0.0,0.0,D,,13.0,12.0,4.0,3.0,15.0,11.0,5.0,6.0,4.0,2.0,0.0,0.0,0,0,0910
2009-10-25,Barcelona,Zaragoza,6,1,H,3.0,0.0,H,,17.0,7.0,13.0,5.0,9.0,14.0,6.0,1.0,0.0,2.0,0.0,0.0,6,1,0910
2009-10-31,Osasuna,Barcelona,1,1,D,0.0,0.0,D,,9.0,16.0,3.0,7.0,15.0,10.0,4.0,7.0,1.0,3.0,0.0,0.0,1,1,0910
2009-11-07,Barcelona,Mallorca,4,2,H,3.0,1.0,H,,18.0,10.0,10.0,5.0,18.0,22.0,2.0,4.0,1.0,2.0,0.0,0.0,4,2,0910
2009-11-21,Ath Bilbao,Barcelona,1,1,D,0.0,0.0,D,,8.0,13.0,1.0,3.0,17.0,15.0,5.0,7.0,1.0,1.0,0.0,0.0,1,1,0910
2009-11-29,Barcelona,Real Madrid,1,0,H,0.0,0.0,D,,9.0,16.0,4.0,2.0,17.0,25.0,6.0,6.0,0.0,4.0,1.0,1.0,1,0,0910
2009-12-02,Xerez,Barcelona,0,2,A,0.0,0.0,D,,7.0,14.0,4.0,3.0,13.0,16.0,3.0,9.0,1.0,0.0,0.0,0.0,2,0,0910
2009-12-05,La Coruna,Barcelona,1,3,A,1.0,1.0,D,,4.0,19.0,1.0,9.0,9.0,13.0,1.0,9.0,1.0,2.0,0.0,0.0,3,1,0910
2009-12-12,Barcelona,Espanol,1,0,H,1.0,0.0,H,,15.0,7.0,3.0,2.0,15.0,20.0,10.0,2.0,3.0,3.0,0.0,0.0,1,0,0910
2010-01-02,Barcelona,Villarreal,1,1,D,1.0,0.0,H,,12.0,8.0,3.0,2.0,22.0,15.0,6.0,7.0,2.0,4.0,0.0,0.0,1,1,0910
2010-01-10,Tenerife,Barcelona,0,5,A,0.0,3.0,A,,13.0,15.0,3.0,5.0,20.0,11.0,3.0,1.0,3.0,2.0,0.0,0.0,5,0,0910
2010-01-16,Barcelona,Sevilla,4,0,H,0.0,0.0,D,,27.0,4.0,12.0,0.0,11.0,13.0,11.0,2.0,2.0,4.0,0.0,0.0,4,0,0910
2010-01-23,Valladolid,Barcelona,0,3,A,0.0,2.0,A,,11.0,14.0,5.0,8.0,13.0,17.0,5.0,5.0,2.0,2.0,0.0,0.0,3,0,0910
2010-01-30,Sp Gijon,Barcelona,0,1,A,0.0,1.0,A,,5.0,22.0,2.0,5.0,21.0,9.0,2.0,10.0,6.0,3.0,0.0,0.0,1,0,0910
2010-02-06,Barcelona,Getafe,2,1,H,1.0,0.0,H,,18.0,13.0,8.0,6.0,14.0,14.0,5.0,2.0,4.0,3.0,2.0,0.0,2,1,0910
2010-02-14,Ath Madrid,Barcelona,2,1,H,2.0,1.0,H,,13.0,13.0,6.0,7.0,19.0,13.0,5.0,7.0,2.0,5.0,0.0,0.0,1,2,0910
2010-02-20,Barcelona,Santander,4,0,H,3.0,0.0,H,,16.0,5.0,9.0,0.0,14.0,13.0,6.0,0.0,3.0,4.0,0.0,0.0,4,0,0910
2010-02-27,Barcelona,Malaga,2,1,H,0.0,0.0,D,,20.0,5.0,8.0,2.0,10.0,16.0,13.0,3.0,1.0,1.0,0.0,0.0,2,1,0910
2010-03-06,Almeria,Barcelona,2,2,D,1.0,1.0,D,,7.0,22.0,2.0,8.0,17.0,12.0,5.0,5.0,0.0,0.0,0.0,1.0,2,2,0910
2010-03-14,Barcelona,Valencia,3,0,H,0.0,0.0,D,,19.0,7.0,8.0,4.0,10.0,19.0,7.0,3.0,1.0,4.0,0.0,1.0,3,0,0910
2010-03-21,Zaragoza,Barcelona,2,4,A,0.0,1.0,A,,10.0,18.0,2.0,6.0,22.0,18.0,7.0,6.0,3.0,3.0,0.0,0.0,4,2,0910
2010-03-24,Barcelona,Osasuna,2,0,H,0.0,0.0,D,,16.0,3.0,5.0,1.0,12.0,22.0,8.0,3.0,4.0,2.0,0.0,0.0,2,0,0910
2010-03-27,Mallorca,Barcelona,0,1,A,0.0,0.0,D,,10.0,7.0,2.0,5.0,29.0,21.0,4.0,8.0,4.0,3.0,0.0,0.0,1,0,0910
2010-04-03,Barcelona,Ath Bilbao,4,1,H,2.0,0.0,H,,17.0,14.0,7.0,5.0,5.0,8.0,7.0,10.0,1.0,1.0,0.0,0.0,4,1,0910
2010-04-10,Real Madrid,Barcelona,0,2,A,0.0,1.0,A,,16.0,8.0,7.0,4.0,30.0,15.0,4.0,7.0,4.0,4.0,0.0,0.0,2,0,0910
2010-04-14,Barcelona,La Coruna,3,0,H,1.0,0.0,H,,21.0,5.0,11.0,3.0,11.0,12.0,14.0,2.0,0.0,3.0,0.0,0.0,3,0,0910
2010-04-17,Espanol,Barcelona,0,0,D,0.0,0.0,D,,9.0,4.0,3.0,1.0,21.0,17.0,3.0,4.0,3.0,2.0,0.0,1.0,0,0,0910
2010-04-24,Barcelona,Xerez,3,1,H,2.0,1.0,H,,14.0,8.0,7.0,4.0,17.0,17.0,3.0,6.0,1.0,9.0,0.0,2.0,3,1,0910
2010-05-01,Villarreal,Barcelona,1,4,A,0.0,3.0,A,,8.0,15.0,2.0,6.0,23.0,11.0,4.0,4.0,3.0,3.0,0.0,0.0,4,1,0910
2010-05-04,Barcelona,Tenerife,4,1,H,1.0,1.0,D,,21.0,4.0,8.0,2.0,5.0,21.0,9.0,2.0,0.0,3.0,0.0,0.0,4,1,0910
2010-05-08,Sevilla,Barcelona,2,3,A,0.0,2.0,A,,7.0,18.0,5.0,7.0,23.0,15.0,2.0,4.0,4.0,6.0,1.0,0.0,3,2,0910
2010-05-16,Barcelona,Valladolid,4,0,H,2.0,0.0,H,,14.0,10.0,7.0,4.0,17.0,20.0,7.0,5.0,1.0,3.0,0.0,0.0,4,0,0910
2010-08-29,Santander,Barcelona,0,3,A,0.0,2.0,A,,11.0,9.0,7.0,5.0,21.0,14.0,6.0,5.0,4.0,1.0,0.0,0.0,3,0,1011
2010-09-11,Barcelona,Hercules,0,2,A,0.0,1.0,A,,17.0,9.0,9.0,7.0,7.0,8.0,14.0,2.0,2.0,2.0,0.0,0.0,0,2,1011
2010-09-19,Ath Madrid,Barcelona,1,2,A,1.0,2.0,A,,7.0,16.0,4.0,8.0,21.0,15.0,6.0,6.0,4.0,5.0,1.0,0.0,2,1,1011
2010-09-22,Barcelona,Sp Gijon,1,0,H,0.0,0.0,D,,16.0,3.0,5.0,0.0,14.0,15.0,8.0,4.0,2.0,5.0,0.0,0.0,1,0,1011
2010-09-25,Ath Bilbao,Barcelona,1,3,A,0.0,0.0,D,,11.0,25.0,4.0,10.0,8.0,8.0,1.0,8.0,1.0,1.0,1.0,1.0,3,1,1011
2010-10-03,Barcelona,Mallorca,1,1,D,1.0,1.0,D,,26.0,11.0,10.0,2.0,7.0,15.0,13.0,6.0,0.0,6.0,0.0,0.0,1,1,1011
2010-10-16,Barcelona,Valencia,2,1,H,0.0,1.0,A,,12.0,8.0,8.0,2.0,9.0,9.0,7.0,6.0,2.0,4.0,0.0,0.0,2,1,1011
2010-10-23,Zaragoza,Barcelona,0,2,A,0.0,1.0,A,,5.0,20.0,4.0,10.0,21.0,12.0,5.0,3.0,4.0,1.0,1.0,0.0,2,0,1011
2010-10-30,Barcelona,Sevilla,5,0,H,2.0,0.0,H,,18.0,3.0,9.0,1.0,13.0,11.0,11.0,1.0,1.0,2.0,0.0,1.0,5,0,1011
2010-11-07,Getafe,Barcelona,1,3,A,0.0,2.0,A,,12.0,14.0,5.0,8.0,10.0,9.0,5.0,3.0,3.0,1.0,1.0,1.0,3,1,1011
2010-11-13,Barcelona,Villarreal,3,1,H,1.0,1.0,D,,15.0,9.0,5.0,2.0,22.0,19.0,4.0,4.0,2.0,3.0,0.0,0.0,3,1,1011
2010-11-20,Almeria,Barcelona,0,8,A,0.0,5.0,A,,9.0,18.0,2.0,13.0,10.0,7.0,6.0,5.0,2.0,1.0,0.0,0.0,8,0,1011
2010-11-29,Barcelona,Real Madrid,5,0,H,2.0,0.0,H,,15.0,5.0,6.0,2.0,12.0,16.0,3.0,6.0,5.0,7.0,0.0,1.0,5,0,1011
2010-12-04,Osasuna,Barcelona,0,3,A,0.0,1.0,A,,4.0,16.0,2.0,8.0,23.0,7.0,3.0,5.0,3.0,0.0,0.0,0.0,3,0,1011
2010-12-12,Barcelona,Sociedad,5,0,H,2.0,0.0,H,,21.0,2.0,9.0,0.0,9.0,9.0,11.0,2.0,1.0,0.0,0.0,0.0,5,0,1011
2010-12-18,Espanol,Barcelona,1,5,A,0.0,2.0,A,,7.0,19.0,5.0,10.0,20.0,15.0,2.0,7.0,5.0,3.0,0.0,0.0,5,1,1011
2011-01-02,Barcelona,Levante,2,1,H,0.0,0.0,D,,22.0,4.0,10.0,2.0,16.0,13.0,12.0,1.0,4.0,2.0,0.0,0.0,2,1,1011
2011-01-08,La Coruna,Barcelona,0,4,A,0.0,1.0,A,,7.0,8.0,1.0,5.0,8.0,7.0,4.0,7.0,1.0,0.0,0.0,0.0,4,0,1011
2011-01-16,Barcelona,Malaga,4,1,H,3.0,0.0,H,,13.0,4.0,9.0,2.0,12.0,12.0,8.0,1.0,1.0,1.0,0.0,0.0,4,1,1011
2011-01-22,Barcelona,Santander,3,0,H,2.0,0.0,H,,14.0,7.0,11.0,3.0,6.0,15.0,8.0,1.0,0.0,0.0,0.0,0.0,3,0,1011
2011-01-29,Hercules,Barcelona,0,3,A,0.0,1.0,A,,4.0,22.0,2.0,8.0,12.0,8.0,2.0,9.0,2.0,1.0,1.0,0.0,3,0,1011
2011-02-05,Barcelona,Ath Madrid,3,0,H,2.0,0.0,H,,15.0,10.0,8.0,4.0,11.0,15.0,5.0,5.0,2.0,3.0,0.0,0.0,3,0,1011
2011-02-12,Sp Gijon,Barcelona,1,1,D,1.0,0.0,H,,7.0,15.0,1.0,6.0,17.0,8.0,4.0,10.0,4.0,6.0,0.0,0.0,1,1,1011
2011-02-20,Barcelona,Ath Bilbao,2,1,H,1.0,0.0,H,,20.0,5.0,5.0,4.0,9.0,18.0,11.0,1.0,3.0,3.0,0.0,0.0,2,1,1011
2011-02-26,Mallorca,Barcelona,0,3,A,0.0,1.0,A,,8.0,7.0,3.0,4.0,12.0,9.0,5.0,2.0,1.0,0.0,0.0,0.0,3,0,1011
2011-03-02,Valencia,Barcelona,0,1,A,0.0,0.0,D,,7.0,20.0,1.0,8.0,18.0,7.0,8.0,4.0,4.0,1.0,0.0,0.0,1,0,1011
2011-03-05,Barcelona,Zaragoza,1,0,H,1.0,0.0,H,,23.0,3.0,12.0,1.0,9.0,12.0,13.0,2.0,1.0,1.0,0.0,0.0,1,0,1011
2011-03-13,Sevilla,Barcelona,1,1,D,0.0,1.0,A,,11.0,12.0,3.0,6.0,20.0,11.0,0.0,4.0,5.0,2.0,0.0,0.0,1,1,1011
2011-03-19,Barcelona,Getafe,2,1,H,1.0,0.0,H,,14.0,8.0,6.0,3.0,12.0,10.0,5.0,3.0,3.0,2.0,0.0,0.0,2,1,1011
2011-04-02,Villarreal,Barcelona,0,1,A,0.0,0.0,D,,7.0,10.0,3.0,6.0,10.0,14.0,3.0,8.0,2.0,4.0,0.0,0.0,1,0,1011
2011-04-09,Barcelona,Almeria,3,1,H,0.0,0.0,D,,14.0,2.0,4.0,1.0,7.0,5.0,8.0,4.0,3.0,3.0,0.0,0.0,3,1,1011
2011-04-16,Real Madrid,Barcelona,1,1,D,0.0,0.0,D,,13.0,11.0,6.0,6.0,22.0,14.0,8.0,0.0,2.0,5.0,1.0,0.0,1,1,1011
2011-04-23,Barcelona,Osasuna,2,0,H,1.0,0.0,H,,11.0,14.0,2.0,5.0,11.0,17.0,6.0,5.0,2.0,2.0,0.0,0.0,2,0,1011
2011-04-30,Sociedad,Barcelona,2,1,H,0.0,1.0,A,,8.0,13.0,3.0,7.0,19.0,12.0,4.0,5.0,2.0,1.0,0.0,0.0,1,2,1011
2011-05-08,Barcelona,Espanol,2,0,H,1.0,0.0,H,,14.0,6.0,6.0,2.0,13.0,14.0,8.0,3.0,1.0,3.0,0.0,0.0,2,0,1011
2011-05-11,Levante,Barcelona,1,1,D,1.0,1.0,D,,9.0,10.0,2.0,2.0,10.0,4.0,2.0,3.0,1.0,1.0,0.0,0.0,1,1,1011
2011-05-15,Barcelona,La Coruna,0,0,D,0.0,0.0,D,,8.0,8.0,2.0,4.0,11.0,13.0,5.0,0.0,0.0,2.0,0.0,0.0,0,0,1011
2011-05-21,Malaga,Barcelona,1,3,A,1.0,1.0,D,,13.0,18.0,4.0,8.0,10.0,8.0,6.0,8.0,3.0,2.0,0.0,0.0,3,1,1011
2011-08-29,Barcelona,Villarreal,5,0,H,2.0,0.0,H,,18.0,5.0,9.0,1.0,15.0,14.0,12.0,0.0,3.0,3.0,0.0,0.0,5,0,1112
2011-09-10,Sociedad,Barcelona,2,2,D,0.0,2.0,A,,10.0,13.0,4.0,6.0,10.0,17.0,5.0,4.0,2.0,1.0,0.0,0.0,2,2,1112
2011-09-17,Barcelona,Osasuna,8,0,H,5.0,0.0,H,,18.0,7.0,14.0,1.0,8.0,15.0,8.0,3.0,1.0,5.0,0.0,0.0,8,0,1112
2011-09-21,Valencia,Barcelona,2,2,D,2.0,1.0,H,,9.0,10.0,1.0,7.0,14.0,5.0,4.0,3.0,4.0,1.0,1.0,0.0,2,2,1112
2011-09-24,Barcelona,Ath Madrid,5,0,H,3.0,0.0,H,,18.0,6.0,8.0,2.0,17.0,18.0,8.0,1.0,1.0,1.0,0.0,0.0,5,0,1112
2011-10-02,Sp Gijon,Barcelona,0,1,A,0.0,1.0,A,,4.0,14.0,1.0,4.0,19.0,7.0,4.0,5.0,2.0,2.0,0.0,0.0,1,0,1112
2011-10-15,Barcelona,Santander,3,0,H,2.0,0.0,H,,19.0,3.0,6.0,2.0,5.0,17.0,6.0,0.0,0.0,2.0,0.0,0.0,3,0,1112
2011-10-22,Barcelona,Sevilla,0,0,D,0.0,0.0,D,,21.0,6.0,6.0,3.0,9.0,8.0,13.0,3.0,2.0,8.0,0.0,2.0,0,0,1112
2011-10-25,Granada,Barcelona,0,1,A,0.0,1.0,A,,2.0,17.0,0.0,7.0,14.0,9.0,2.0,10.0,3.0,4.0,2.0,0.0,1,0,1112
2011-10-29,Barcelona,Mallorca,5,0,H,3.0,0.0,H,,18.0,2.0,10.0,0.0,11.0,16.0,9.0,1.0,1.0,2.0,0.0,0.0,5,0,1112
2011-11-06,Ath Bilbao,Barcelona,2,2,D,1.0,1.0,D,,4.0,16.0,4.0,9.0,26.0,12.0,3.0,5.0,3.0,1.0,1.0,0.0,2,2,1112
2011-11-19,Barcelona,Zaragoza,4,0,H,2.0,0.0,H,,27.0,4.0,11.0,0.0,20.0,17.0,6.0,1.0,2.0,3.0,0.0,0.0,4,0,1112
2011-11-26,Getafe,Barcelona,1,0,H,0.0,0.0,D,,7.0,21.0,1.0,7.0,16.0,6.0,2.0,13.0,4.0,2.0,0.0,0.0,0,1,1112
2011-11-29,Barcelona,Vallecano,4,0,H,3.0,0.0,H,,12.0,10.0,6.0,4.0,9.0,16.0,5.0,2.0,2.0,3.0,0.0,0.0,4,0,1112
2011-12-03,Barcelona,Levante,5,0,H,3.0,0.0,H,,18.0,6.0,9.0,3.0,12.0,10.0,10.0,4.0,2.0,3.0,0.0,0.0,5,0,1112
2011-12-10,Real Madrid,Barcelona,1,3,A,1.0,1.0,D,,17.0,12.0,5.0,7.0,22.0,13.0,3.0,5.0,4.0,3.0,0.0,0.0,3,1,1112
2012-01-08,Espanol,Barcelona,1,1,D,0.0,1.0,A,,14.0,10.0,4.0,3.0,16.0,7.0,4.0,4.0,6.0,1.0,0.0,0.0,1,1,1112
2012-01-15,Barcelona,Betis,4,2,H,2.0,1.0,H,,16.0,10.0,9.0,5.0,13.0,15.0,5.0,3.0,3.0,4.0,0.0,1.0,4,2,1112
2012-01-22,Malaga,Barcelona,1,4,A,0.0,1.0,A,,9.0,16.0,6.0,11.0,12.0,13.0,3.0,2.0,1.0,0.0,0.0,0.0,4,1,1112
2012-01-28,Villarreal,Barcelona,0,0,D,0.0,0.0,D,,5.0,8.0,2.0,2.0,18.0,12.0,1.0,4.0,3.0,0.0,0.0,0.0,0,0,1112
2012-02-04,Barcelona,Sociedad,2,1,H,1.0,0.0,H,,18.0,8.0,9.0,5.0,10.0,15.0,6.0,3.0,0.0,2.0,0.0,0.0,2,1,1112
2012-02-11,Osasuna,Barcelona,3,2,H,2.0,0.0,H,,7.0,20.0,3.0,8.0,23.0,7.0,3.0,12.0,2.0,6.0,0.0,0.0,2,3,1112
2012-02-19,Barcelona,Valencia,5,1,H,2.0,1.0,H,,32.0,3.0,15.0,3.0,6.0,15.0,11.0,1.0,0.0,3.0,0.0,0.0,5,1,1112
2012-02-26,Ath Madrid,Barcelona,1,2,A,0.0,1.0,A,,10.0,7.0,5.0,3.0,22.0,12.0,6.0,2.0,7.0,5.0,0.0,0.0,2,1,1112
2012-03-03,Barcelona,Sp Gijon,3,1,H,1.0,0.0,H,,15.0,4.0,5.0,1.0,11.0,23.0,13.0,1.0,4.0,7.0,1.0,0.0,3,1,1112
2012-03-11,Santander,Barcelona,0,2,A,0.0,1.0,A,,1.0,23.0,0.0,8.0,21.0,14.0,3.0,6.0,6.0,0.0,0.0,0.0,2,0,1112
2012-03-17,Sevilla,Barcelona,0,2,A,0.0,2.0,A,,12.0,17.0,2.0,9.0,15.0,12.0,7.0,4.0,3.0,3.0,0.0,0.0,2,0,1112
2012-03-20,Barcelona,Granada,5,3,H,2.0,0.0,H,,18.0,6.0,8.0,3.0,10.0,13.0,4.0,2.0,2.0,7.0,1.0,0.0,5,3,1112
2012-03-24,Mallorca,Barcelona,0,2,A,0.0,1.0,A,,10.0,18.0,2.0,6.0,17.0,6.0,5.0,8.0,2.0,1.0,0.0,1.0,2,0,1112
2012-03-31,Barcelona,Ath Bilbao,2,0,H,1.0,0.0,H,,20.0,4.0,14.0,1.0,11.0,14.0,10.0,4.0,1.0,3.0,0.0,0.0,2,0,1112
2012-04-07,Zaragoza,Barcelona,1,4,A,1.0,2.0,A,,14.0,14.0,5.0,7.0,22.0,13.0,2.0,9.0,4.0,5.0,1.0,0.0,4,1,1112
2012-04-10,Barcelona,Getafe,4,0,H,2.0,0.0,H,,14.0,2.0,7.0,0.0,9.0,10.0,13.0,5.0,1.0,1.0,0.0,0.0,4,0,1112
2012-04-14,Levante,Barcelona,1,2,A,1.0,0.0,H,,5.0,16.0,2.0,8.0,16.0,7.0,1.0,6.0,5.0,2.0,0.0,0.0,2,1,1112
2012-04-21,Barcelona,Real Madrid,1,2,A,0.0,1.0,A,,14.0,14.0,3.0,6.0,11.0,20.0,4.0,7.0,2.0,4.0,0.0,0.0,1,2,1112
2012-04-29,Vallecano,Barcelona,0,7,A,0.0,3.0,A,,10.0,19.0,4.0,8.0,20.0,7.0,7.0,9.0,3.0,1.0,0.0,0.0,7,0,1112
2012-05-02,Barcelona,Malaga,4,1,H,2.0,1.0,H,,11.0,11.0,6.0,3.0,17.0,14.0,4.0,1.0,2.0,2.0,0.0,0.0,4,1,1112
2012-05-05,Barcelona,Espanol,4,0,H,1.0,0.0,H,,14.0,10.0,6.0,3.0,13.0,24.0,5.0,3.0,4.0,5.0,0.0,0.0,4,0,1112
2012-05-12,Betis,Barcelona,2,2,D,0.0,1.0,A,,5.0,11.0,3.0,6.0,15.0,11.0,2.0,7.0,2.0,0.0,0.0,1.0,2,2,1112
2012-08-19,Barcelona,Sociedad,5,1,H,4.0,1.0,H,,18.0,5.0,10.0,2.0,9.0,12.0,9.0,1.0,2.0,3.0,0.0,0.0,5,1,1213
2012-08-26,Osasuna,Barcelona,1,2,A,1.0,0.0,H,,17.0,15.0,5.0,10.0,17.0,11.0,4.0,7.0,6.0,3.0,1.0,0.0,2,1,1213
2012-09-02,Barcelona,Valencia,1,0,H,1.0,0.0,H,,11.0,4.0,5.0,1.0,8.0,10.0,5.0,3.0,1.0,2.0,0.0,0.0,1,0,1213
2012-09-15,Getafe,Barcelona,1,4,A,0.0,1.0,A,,6.0,15.0,3.0,9.0,14.0,10.0,1.0,7.0,2.0,2.0,0.0,0.0,4,1,1213
2012-09-22,Barcelona,Granada,2,0,H,0.0,0.0,D,,20.0,6.0,11.0,3.0,10.0,15.0,14.0,5.0,0.0,3.0,0.0,0.0,2,0,1213
2012-09-29,Sevilla,Barcelona,2,3,A,1.0,0.0,H,,8.0,15.0,3.0,7.0,15.0,3.0,2.0,7.0,2.0,2.0,1.0,0.0,3,2,1213
2012-10-07,Barcelona,Real Madrid,2,2,D,1.0,1.0,D,,10.0,10.0,2.0,3.0,17.0,16.0,7.0,2.0,2.0,4.0,0.0,0.0,2,2,1213
2012-10-20,La Coruna,Barcelona,4,5,A,2.0,4.0,A,,13.0,10.0,8.0,6.0,13.0,15.0,5.0,1.0,4.0,3.0,0.0,1.0,5,4,1213
2012-10-27,Vallecano,Barcelona,0,5,A,0.0,1.0,A,,18.0,15.0,3.0,10.0,18.0,14.0,7.0,4.0,5.0,1.0,0.0,0.0,5,0,1213
2012-11-03,Barcelona,Celta,3,1,H,2.0,1.0,H,,13.0,11.0,6.0,4.0,9.0,11.0,4.0,5.0,1.0,2.0,0.0,0.0,3,1,1213
2012-11-11,Mallorca,Barcelona,2,4,A,0.0,3.0,A,,5.0,12.0,3.0,5.0,18.0,6.0,6.0,6.0,1.0,1.0,0.0,0.0,4,2,1213
2012-11-17,Barcelona,Zaragoza,3,1,H,2.0,1.0,H,,8.0,13.0,3.0,2.0,6.0,15.0,5.0,7.0,0.0,1.0,0.0,0.0,3,1,1213
2012-11-25,Levante,Barcelona,0,4,A,0.0,0.0,D,,11.0,13.0,3.0,7.0,7.0,6.0,4.0,8.0,0.0,1.0,0.0,0.0,4,0,1213
2012-12-01,Barcelona,Ath Bilbao,5,1,H,3.0,0.0,H,,19.0,6.0,10.0,2.0,7.0,10.0,3.0,1.0,1.0,3.0,0.0,0.0,5,1,1213
2012-12-09,Betis,Barcelona,1,2,A,1.0,2.0,A,,9.0,13.0,3.0,8.0,17.0,11.0,4.0,5.0,3.0,2.0,0.0,0.0,2,1,1213
2012-12-16,Barcelona,Ath Madrid,4,1,H,2.0,1.0,H,,11.0,8.0,6.0,1.0,15.0,16.0,9.0,5.0,1.0,1.0,0.0,0.0,4,1,1213
2012-12-22,Valladolid,Barcelona,1,3,A,0.0,1.0,A,,5.0,11.0,2.0,5.0,15.0,4.0,2.0,4.0,4.0,1.0,0.0,0.0,3,1,1213
2013-01-06,Barcelona,Espanol,4,0,H,4.0,0.0,H,,19.0,5.0,8.0,1.0,3.0,17.0,7.0,1.0,0.0,4.0,0.0,0.0,4,0,1213
2013-01-13,Malaga,Barcelona,1,3,A,0.0,1.0,A,,7.0,12.0,2.0,4.0,17.0,14.0,2.0,5.0,1.0,2.0,0.0,0.0,3,1,1213
2013-01-19,Sociedad,Barcelona,3,2,H,1.0,2.0,A,,14.0,8.0,6.0,3.0,14.0,15.0,3.0,6.0,3.0,2.0,0.0,1.0,2,3,1213
2013-01-27,Barcelona,Osasuna,5,1,H,3.0,1.0,H,,19.0,3.0,9.0,1.0,11.0,9.0,8.0,2.0,1.0,1.0,0.0,1.0,5,1,1213
2013-02-03,Valencia,Barcelona,1,1,D,1.0,1.0,D,,17.0,10.0,5.0,2.0,20.0,13.0,6.0,5.0,3.0,1.0,0.0,0.0,1,1,1213
2013-02-10,Barcelona,Getafe,6,1,H,2.0,0.0,H,,17.0,6.0,9.0,1.0,13.0,9.0,4.0,0.0,1.0,2.0,0.0,0.0,6,1,1213
2013-02-16,Granada,Barcelona,1,2,A,1.0,0.0,H,,6.0,17.0,5.0,8.0,15.0,14.0,1.0,1.0,2.0,1.0,0.0,0.0,2,1,1213
2013-02-23,Barcelona,Sevilla,2,1,H,0.0,1.0,A,,17.0,7.0,3.0,4.0,10.0,12.0,10.0,1.0,0.0,2.0,0.0,0.0,2,1,1213
2013-03-02,Real Madrid,Barcelona,2,1,H,1.0,1.0,D,,14.0,5.0,6.0,2.0,21.0,19.0,4.0,1.0,4.0,6.0,0.0,1.0,1,2,1213
2013-03-09,Barcelona,La Coruna,2,0,H,1.0,0.0,H,,12.0,4.0,7.0,0.0,14.0,10.0,2.0,0.0,2.0,1.0,0.0,0.0,2,0,1213
2013-03-17,Barcelona,Vallecano,3,1,H,2.0,0.0,H,,19.0,17.0,7.0,8.0,9.0,18.0,6.0,10.0,1.0,4.0,0.0,0.0,3,1,1213
2013-03-30,Celta,Barcelona,2,2,D,1.0,1.0,D,,8.0,8.0,3.0,3.0,15.0,12.0,5.0,9.0,4.0,3.0,0.0,0.0,2,2,1213
2013-04-06,Barcelona,Mallorca,5,0,H,4.0,0.0,H,,22.0,13.0,9.0,3.0,12.0,14.0,5.0,5.0,1.0,1.0,0.0,0.0,5,0,1213
2013-04-14,Zaragoza,Barcelona,0,3,A,0.0,2.0,A,,12.0,11.0,2.0,6.0,16.0,15.0,2.0,7.0,3.0,2.0,0.0,0.0,3,0,1213
2013-04-20,Barcelona,Levante,1,0,H,0.0,0.0,D,,18.0,4.0,9.0,0.0,13.0,6.0,11.0,1.0,1.0,2.0,0.0,0.0,1,0,1213
2013-04-27,Ath Bilbao,Barcelona,2,2,D,1.0,0.0,H,,7.0,15.0,3.0,6.0,17.0,11.0,2.0,1.0,3.0,2.0,0.0,0.0,2,2,1213
2013-05-05,Barcelona,Betis,4,2,H,1.0,2.0,A,,19.0,5.0,10.0,3.0,12.0,10.0,7.0,0.0,1.0,1.0,0.0,0.0,4,2,1213
2013-05-12,Ath Madrid,Barcelona,1,2,A,0.0,0.0,D,,12.0,11.0,2.0,3.0,18.0,11.0,3.0,2.0,1.0,2.0,0.0,0.0,2,1,1213
2013-05-19,Barcelona,Valladolid,2,1,H,2.0,0.0,H,,16.0,5.0,4.0,2.0,4.0,6.0,14.0,2.0,0.0,0.0,0.0,0.0,2,1,1213
2013-05-26,Espanol,Barcelona,0,2,A,0.0,1.0,A,,6.0,10.0,2.0,4.0,13.0,10.0,4.0,5.0,3.0,2.0,1.0,0.0,2,0,1213
2013-06-01,Barcelona,Malaga,4,1,H,3.0,0.0,H,,10.0,11.0,6.0,5.0,5.0,5.0,9.0,6.0,0.0,0.0,0.0,0.0,4,1,1213
2013-08-18,Barcelona,Levante,7,0,H,6.0,0.0,H,,22.0,4.0,13.0,1.0,15.0,16.0,9.0,3.0,1.0,3.0,0.0,0.0,7,0,1314
2013-08-25,Malaga,Barcelona,0,1,A,0.0,1.0,A,,9.0,15.0,3.0,11.0,14.0,12.0,2.0,11.0,3.0,2.0,0.0,0.0,1,0,1314
2013-09-01,Valencia,Barcelona,2,3,A,2.0,3.0,A,,16.0,20.0,10.0,9.0,20.0,11.0,5.0,7.0,2.0,3.0,0.0,0.0,3,2,1314
2013-09-14,Barcelona,Sevilla,3,2,H,1.0,0.0,H,,19.0,7.0,10.0,2.0,12.0,17.0,6.0,9.0,2.0,5.0,0.0,0.0,3,2,1314
2013-09-21,Vallecano,Barcelona,0,4,A,0.0,1.0,A,,14.0,14.0,9.0,8.0,21.0,16.0,6.0,14.0,2.0,1.0,0.0,0.0,4,0,1314
2013-09-24,Barcelona,Sociedad,4,1,H,3.0,0.0,H,,23.0,9.0,9.0,5.0,6.0,12.0,6.0,1.0,0.0,1.0,0.0,0.0,4,1,1314
2013-09-28,Almeria,Barcelona,0,2,A,0.0,1.0,A,,5.0,15.0,1.0,4.0,20.0,15.0,2.0,3.0,1.0,2.0,0.0,0.0,2,0,1314
2013-10-05,Barcelona,Valladolid,4,1,H,1.0,1.0,D,,21.0,7.0,8.0,1.0,7.0,15.0,7.0,4.0,0.0,3.0,0.0,0.0,4,1,1314
2013-10-19,Osasuna,Barcelona,0,0,D,0.0,0.0,D,,4.0,12.0,1.0,3.0,13.0,8.0,2.0,5.0,3.0,2.0,0.0,0.0,0,0,1314
2013-10-26,Barcelona,Real Madrid,2,1,H,1.0,0.0,H,,12.0,10.0,5.0,6.0,19.0,16.0,4.0,3.0,2.0,5.0,0.0,0.0,2,1,1314
2013-10-29,Celta,Barcelona,0,3,A,0.0,1.0,A,,12.0,20.0,4.0,8.0,17.0,12.0,5.0,7.0,3.0,1.0,0.0,0.0,3,0,1314
2013-11-01,Barcelona,Espanol,1,0,H,0.0,0.0,D,,19.0,8.0,5.0,2.0,7.0,19.0,9.0,2.0,1.0,3.0,0.0,0.0,1,0,1314
2013-11-10,Betis,Barcelona,1,4,A,0.0,2.0,A,,16.0,11.0,5.0,8.0,18.0,12.0,9.0,0.0,3.0,2.0,0.0,0.0,4,1,1314
2013-11-23,Barcelona,Granada,4,0,H,2.0,0.0,H,,13.0,10.0,8.0,3.0,19.0,19.0,3.0,7.0,2.0,2.0,0.0,1.0,4,0,1314
2013-12-01,Ath Bilbao,Barcelona,1,0,H,0.0,0.0,D,,15.0,11.0,6.0,2.0,16.0,10.0,4.0,5.0,3.0,4.0,0.0,0.0,0,1,1314
2013-12-14,Barcelona,Villarreal,2,1,H,1.0,0.0,H,,13.0,3.0,7.0,1.0,7.0,12.0,7.0,4.0,1.0,1.0,0.0,0.0,2,1,1314
2013-12-22,Getafe,Barcelona,2,5,A,2.0,3.0,A,,12.0,15.0,2.0,7.0,26.0,7.0,7.0,1.0,4.0,3.0,0.0,0.0,5,2,1314
2014-01-05,Barcelona,Elche,4,0,H,2.0,0.0,H,,13.0,3.0,6.0,0.0,12.0,17.0,1.0,2.0,2.0,2.0,0.0,0.0,4,0,1314
2014-01-11,Ath Madrid,Barcelona,0,0,D,0.0,0.0,D,,6.0,9.0,2.0,2.0,17.0,9.0,7.0,6.0,2.0,3.0,0.0,0.0,0,0,1314
2014-01-19,Levante,Barcelona,1,1,D,1.0,1.0,D,,7.0,17.0,4.0,6.0,13.0,11.0,2.0,8.0,3.0,1.0,0.0,0.0,1,1,1314
2014-01-26,Barcelona,Malaga,3,0,H,1.0,0.0,H,,23.0,4.0,10.0,2.0,13.0,16.0,15.0,2.0,1.0,3.0,0.0,0.0,3,0,1314
2014-02-01,Barcelona,Valencia,2,3,A,1.0,1.0,D,,20.0,8.0,5.0,4.0,18.0,8.0,9.0,5.0,2.0,3.0,1.0,0.0,2,3,1314
2014-02-09,Sevilla,Barcelona,1,4,A,1.0,2.0,A,,15.0,9.0,4.0,5.0,22.0,9.0,6.0,0.0,3.0,3.0,0.0,0.0,4,1,1314
2014-02-15,Barcelona,Vallecano,6,0,H,2.0,0.0,H,,21.0,9.0,10.0,4.0,6.0,10.0,12.0,5.0,0.0,0.0,0.0,0.0,6,0,1314
2014-02-22,Sociedad,Barcelona,3,1,H,1.0,1.0,D,,15.0,12.0,3.0,3.0,13.0,15.0,2.0,13.0,2.0,3.0,0.0,0.0,1,3,1314
2014-03-02,Barcelona,Almeria,4,1,H,2.0,1.0,H,,29.0,6.0,11.0,3.0,8.0,12.0,13.0,4.0,1.0,4.0,0.0,0.0,4,1,1314
2014-03-08,Valladolid,Barcelona,1,0,H,1.0,0.0,H,,7.0,13.0,2.0,6.0,15.0,14.0,4.0,3.0,5.0,1.0,0.0,0.0,0,1,1314
2014-03-16,Barcelona,Osasuna,7,0,H,3.0,0.0,H,,20.0,6.0,11.0,3.0,9.0,10.0,4.0,4.0,1.0,2.0,0.0,0.0,7,0,1314
2014-03-23,Real Madrid,Barcelona,3,4,A,2.0,2.0,D,,13.0,18.0,8.0,6.0,24.0,12.0,1.0,5.0,5.0,2.0,1.0,0.0,4,3,1314
2014-03-26,Barcelona,Celta,3,0,H,2.0,0.0,H,,14.0,8.0,6.0,6.0,11.0,8.0,4.0,6.0,2.0,2.0,0.0,0.0,3,0,1314
2014-03-29,Espanol,Barcelona,0,1,A,0.0,0.0,D,,8.0,20.0,1.0,8.0,24.0,8.0,3.0,11.0,4.0,2.0,1.0,0.0,1,0,1314
2014-04-05,Barcelona,Betis,3,1,H,1.0,0.0,H,,12.0,12.0,4.0,4.0,9.0,16.0,4.0,4.0,0.0,2.0,0.0,0.0,3,1,1314
2014-04-12,Granada,Barcelona,1,0,H,1.0,0.0,H,,5.0,29.0,4.0,9.0,10.0,5.0,1.0,13.0,0.0,3.0,0.0,0.0,0,1,1314
2014-04-20,Barcelona,Ath Bilbao,2,1,H,0.0,0.0,D,,17.0,11.0,8.0,4.0,16.0,17.0,9.0,4.0,2.0,3.0,0.0,0.0,2,1,1314
2014-04-27,Villarreal,Barcelona,2,3,A,1.0,0.0,H,,5.0,20.0,3.0,7.0,11.0,6.0,2.0,9.0,3.0,3.0,0.0,0.0,3,2,1314
2014-05-03,Barcelona,Getafe,2,2,D,1.0,1.0,D,,21.0,8.0,8.0,5.0,13.0,6.0,11.0,3.0,3.0,3.0,0.0,0.0,2,2,1314
2014-05-11,Elche,Barcelona,0,0,D,0.0,0.0,D,,6.0,20.0,0.0,6.0,16.0,16.0,2.0,11.0,3.0,3.0,0.0,0.0,0,0,1314
2014-05-17,Barcelona,Ath Madrid,1,1,D,1.0,0.0,H,,11.0,12.0,4.0,3.0,11.0,14.0,4.0,8.0,5.0,4.0,0.0,0.0,1,1,1314
2014-08-24,Barcelona,Elche,3,0,H,1.0,0.0,H,,12.0,3.0,6.0,0.0,11.0,13.0,3.0,1.0,0.0,1.0,1.0,0.0,3,0,1415
2014-08-31,Villarreal,Barcelona,0,1,A,0.0,0.0,D,,9.0,20.0,0.0,8.0,12.0,9.0,3.0,10.0,0.0,2.0,0.0,0.0,1,0,1415
2014-09-13,Barcelona,Ath Bilbao,2,0,H,0.0,0.0,D,,15.0,3.0,8.0,2.0,12.0,11.0,5.0,1.0,1.0,1.0,0.0,0.0,2,0,1415
2014-09-21,Levante,Barcelona,0,5,A,0.0,2.0,A,,9.0,17.0,2.0,8.0,13.0,11.0,3.0,6.0,1.0,2.0,1.0,0.0,5,0,1415
2014-09-24,Malaga,Barcelona,0,0,D,0.0,0.0,D,,6.0,10.0,2.0,0.0,15.0,13.0,2.0,8.0,2.0,2.0,0.0,0.0,0,0,1415
2014-09-27,Barcelona,Granada,6,0,H,3.0,0.0,H,,19.0,9.0,12.0,1.0,11.0,11.0,8.0,1.0,1.0,3.0,0.0,0.0,6,0,1415
2014-10-04,Vallecano,Barcelona,0,2,A,0.0,2.0,A,,14.0,18.0,4.0,7.0,19.0,7.0,6.0,7.0,2.0,2.0,2.0,0.0,2,0,1415
2014-10-18,Barcelona,Eibar,3,0,H,0.0,0.0,D,,27.0,4.0,12.0,2.0,9.0,13.0,12.0,3.0,2.0,2.0,0.0,0.0,3,0,1415
2014-10-25,Real Madrid,Barcelona,3,1,H,1.0,1.0,D,,18.0,16.0,6.0,5.0,11.0,10.0,3.0,9.0,2.0,4.0,0.0,0.0,1,3,1415
2014-11-01,Barcelona,Celta,0,1,A,0.0,0.0,D,,19.0,10.0,9.0,4.0,10.0,29.0,9.0,5.0,1.0,2.0,0.0,0.0,0,1,1415
2014-11-08,Almeria,Barcelona,1,2,A,1.0,0.0,H,,6.0,18.0,2.0,6.0,16.0,9.0,4.0,5.0,2.0,0.0,0.0,0.0,2,1,1415
2014-11-22,Barcelona,Sevilla,5,1,H,1.0,0.0,H,,16.0,2.0,10.0,0.0,8.0,21.0,5.0,4.0,1.0,2.0,0.0,0.0,5,1,1415
2014-11-30,Valencia,Barcelona,0,1,A,0.0,0.0,D,,12.0,7.0,4.0,1.0,9.0,7.0,5.0,5.0,3.0,3.0,0.0,0.0,1,0,1415
2014-12-07,Barcelona,Espanol,5,1,H,1.0,1.0,D,,15.0,3.0,7.0,2.0,6.0,11.0,5.0,2.0,0.0,4.0,0.0,0.0,5,1,1415
2014-12-13,Getafe,Barcelona,0,0,D,0.0,0.0,D,,4.0,23.0,2.0,2.0,24.0,8.0,4.0,5.0,2.0,0.0,0.0,0.0,0,0,1415
2014-12-20,Barcelona,Cordoba,5,0,H,1.0,0.0,H,,16.0,7.0,9.0,2.0,14.0,5.0,8.0,0.0,1.0,0.0,0.0,0.0,5,0,1415
2015-01-04,Sociedad,Barcelona,1,0,H,1.0,0.0,H,,6.0,17.0,1.0,4.0,21.0,14.0,6.0,8.0,5.0,4.0,0.0,0.0,0,1,1415
2015-01-11,Barcelona,Ath Madrid,3,1,H,2.0,0.0,H,,17.0,5.0,7.0,3.0,16.0,18.0,1.0,3.0,3.0,6.0,0.0,0.0,3,1,1415
2015-01-18,La Coruna,Barcelona,0,4,A,0.0,2.0,A,,7.0,14.0,2.0,6.0,14.0,7.0,2.0,4.0,2.0,2.0,0.0,0.0,4,0,1415
2015-01-24,Elche,Barcelona,0,6,A,0.0,1.0,A,,6.0,12.0,3.0,8.0,18.0,12.0,2.0,3.0,5.0,2.0,1.0,0.0,6,0,1415
2015-02-01,Barcelona,Villarreal,3,2,H,1.0,1.0,D,,19.0,9.0,7.0,3.0,10.0,20.0,8.0,2.0,1.0,2.0,0.0,0.0,3,2,1415
2015-02-08,Ath Bilbao,Barcelona,2,5,A,0.0,2.0,A,,15.0,19.0,6.0,11.0,15.0,10.0,4.0,4.0,3.0,1.0,1.0,0.0,5,2,1415
2015-02-15,Barcelona,Levante,5,0,H,2.0,0.0,H,,18.0,5.0,10.0,1.0,6.0,13.0,3.0,4.0,1.0,2.0,0.0,0.0,5,0,1415
2015-02-21,Barcelona,Malaga,0,1,A,0.0,1.0,A,,11.0,11.0,5.0,3.0,9.0,11.0,11.0,3.0,4.0,3.0,0.0,0.0,0,1,1415
2015-02-28,Granada,Barcelona,1,3,A,0.0,1.0,A,,10.0,16.0,4.0,9.0,18.0,9.0,4.0,5.0,2.0,3.0,0.0,0.0,3,1,1415
2015-03-08,Barcelona,Vallecano,6,1,H,1.0,0.0,H,,19.0,7.0,12.0,3.0,13.0,11.0,4.0,1.0,3.0,2.0,1.0,1.0,6,1,1415
2015-03-14,Eibar,Barcelona,0,2,A,0.0,1.0,A,,13.0,12.0,2.0,4.0,14.0,3.0,6.0,3.0,1.0,0.0,0.0,0.0,2,0,1415
2015-03-22,Barcelona,Real Madrid,2,1,H,1.0,1.0,D,,17.0,13.0,5.0,4.0,9.0,14.0,7.0,10.0,5.0,6.0,0.0,0.0,2,1,1415
2015-04-05,Celta,Barcelona,0,1,A,0.0,0.0,D,,7.0,12.0,1.0,3.0,26.0,12.0,4.0,3.0,2.0,2.0,1.0,0.0,1,0,1415
2015-04-08,Barcelona,Almeria,4,0,H,1.0,0.0,H,,19.0,6.0,12.0,3.0,9.0,14.0,14.0,5.0,1.0,1.0,0.0,0.0,4,0,1415
2015-04-11,Sevilla,Barcelona,2,2,D,1.0,2.0,A,,11.0,17.0,2.0,7.0,23.0,9.0,2.0,4.0,5.0,2.0,0.0,0.0,2,2,1415
2015-04-18,Barcelona,Valencia,2,0,H,1.0,0.0,H,,11.0,11.0,5.0,3.0,18.0,17.0,6.0,3.0,4.0,4.0,0.0,0.0,2,0,1415
2015-04-25,Espanol,Barcelona,0,2,A,0.0,2.0,A,,7.0,12.0,2.0,5.0,21.0,12.0,5.0,3.0,5.0,1.0,1.0,1.0,2,0,1415
2015-04-28,Barcelona,Getafe,6,0,H,5.0,0.0,H,,21.0,7.0,12.0,3.0,11.0,5.0,5.0,6.0,0.0,0.0,0.0,0.0,6,0,1415
2015-05-02,Cordoba,Barcelona,0,8,A,0.0,2.0,A,,5.0,27.0,1.0,11.0,11.0,3.0,5.0,8.0,2.0,0.0,0.0,0.0,8,0,1415
2015-05-09,Barcelona,Sociedad,2,0,H,0.0,0.0,D,,15.0,5.0,8.0,1.0,9.0,13.0,10.0,3.0,1.0,5.0,0.0,0.0,2,0,1415
2015-05-17,Ath Madrid,Barcelona,0,1,A,0.0,0.0,D,,10.0,15.0,3.0,5.0,23.0,7.0,6.0,5.0,5.0,3.0,0.0,0.0,1,0,1415
2015-05-23,Barcelona,La Coruna,2,2,D,1.0,0.0,H,,18.0,10.0,7.0,2.0,6.0,9.0,4.0,4.0,1.0,3.0,0.0,0.0,2,2,1415
2015-08-23,Ath Bilbao,Barcelona,0,1,A,0.0,0.0,D,,8.0,10.0,2.0,4.0,16.0,11.0,2.0,4.0,3.0,3.0,0.0,0.0,1,0,1516
2015-08-29,Barcelona,Malaga,1,0,H,0.0,0.0,D,,22.0,4.0,13.0,1.0,4.0,21.0,15.0,2.0,0.0,3.0,0.0,0.0,1,0,1516
2015-09-12,Ath Madrid,Barcelona,1,2,A,0.0,0.0,D,,11.0,13.0,3.0,5.0,17.0,5.0,1.0,10.0,3.0,1.0,0.0,0.0,2,1,1516
2015-09-20,Barcelona,Levante,4,1,H,0.0,0.0,D,,21.0,11.0,8.0,4.0,8.0,16.0,4.0,4.0,0.0,1.0,0.0,0.0,4,1,1516
2015-09-23,Celta,Barcelona,4,1,H,2.0,0.0,H,,18.0,18.0,5.0,7.0,19.0,4.0,5.0,10.0,2.0,2.0,0.0,0.0,1,4,1516
2015-09-26,Barcelona,Las Palmas,2,1,H,1.0,0.0,H,,18.0,10.0,6.0,6.0,12.0,23.0,3.0,4.0,2.0,4.0,0.0,0.0,2,1,1516
2015-10-03,Sevilla,Barcelona,2,1,H,0.0,0.0,D,,12.0,28.0,5.0,9.0,16.0,16.0,7.0,9.0,5.0,3.0,0.0,0.0,1,2,1516
2015-10-17,Barcelona,Vallecano,5,2,H,2.0,1.0,H,,14.0,22.0,9.0,8.0,8.0,15.0,7.0,10.0,1.0,2.0,0.0,0.0,5,2,1516
2015-10-25,Barcelona,Eibar,3,1,H,1.0,1.0,D,,14.0,7.0,5.0,5.0,14.0,18.0,6.0,2.0,3.0,5.0,1.0,0.0,3,1,1516
2015-10-31,Getafe,Barcelona,0,2,A,0.0,1.0,A,,6.0,14.0,0.0,6.0,10.0,3.0,3.0,5.0,3.0,0.0,0.0,0.0,2,0,1516
2015-11-08,Barcelona,Villarreal,3,0,H,0.0,0.0,D,,20.0,5.0,9.0,2.0,12.0,19.0,7.0,2.0,5.0,3.0,0.0,0.0,3,0,1516
2015-11-21,Real Madrid,Barcelona,0,4,A,0.0,2.0,A,,13.0,18.0,7.0,7.0,13.0,10.0,10.0,4.0,3.0,2.0,1.0,0.0,4,0,1516
2015-11-28,Barcelona,Sociedad,4,0,H,2.0,0.0,H,,11.0,10.0,6.0,2.0,11.0,14.0,6.0,4.0,0.0,5.0,0.0,0.0,4,0,1516
2015-12-05,Valencia,Barcelona,1,1,D,0.0,0.0,D,,10.0,16.0,3.0,5.0,13.0,15.0,0.0,6.0,3.0,1.0,0.0,0.0,1,1,1516
2015-12-12,Barcelona,La Coruna,2,2,D,1.0,0.0,H,,17.0,13.0,7.0,4.0,4.0,11.0,6.0,2.0,0.0,2.0,0.0,0.0,2,2,1516
2015-12-30,Barcelona,Betis,4,0,H,2.0,0.0,H,,16.0,11.0,7.0,4.0,16.0,20.0,2.0,3.0,1.0,3.0,0.0,0.0,4,0,1516
2016-01-02,Espanol,Barcelona,0,0,D,0.0,0.0,D,,4.0,10.0,1.0,2.0,22.0,10.0,6.0,10.0,5.0,3.0,0.0,0.0,0,0,1516
2016-01-09,Barcelona,Granada,4,0,H,2.0,0.0,H,,17.0,8.0,8.0,4.0,14.0,19.0,7.0,0.0,1.0,4.0,0.0,0.0,4,0,1516
2016-01-17,Barcelona,Ath Bilbao,6,0,H,2.0,0.0,H,,20.0,9.0,8.0,3.0,6.0,7.0,6.0,2.0,2.0,2.0,0.0,1.0,6,0,1516
2016-01-23,Malaga,Barcelona,1,2,A,1.0,1.0,D,,15.0,12.0,9.0,6.0,16.0,9.0,4.0,3.0,3.0,3.0,0.0,0.0,2,1,1516
2016-01-30,Barcelona,Ath Madrid,2,1,H,2.0,1.0,H,,10.0,7.0,4.0,4.0,7.0,18.0,8.0,6.0,0.0,3.0,0.0,2.0,2,1,1516
2016-02-07,Levante,Barcelona,0,2,A,0.0,1.0,A,,11.0,11.0,3.0,4.0,15.0,10.0,2.0,5.0,4.0,3.0,0.0,0.0,2,0,1516
2016-02-14,Barcelona,Celta,6,1,H,1.0,1.0,D,,19.0,10.0,11.0,4.0,10.0,16.0,1.0,1.0,0.0,4.0,0.0,0.0,6,1,1516
2016-02-17,Sp Gijon,Barcelona,1,3,A,1.0,2.0,A,,6.0,17.0,2.0,8.0,11.0,7.0,1.0,4.0,2.0,1.0,0.0,0.0,3,1,1516
2016-02-20,Las Palmas,Barcelona,1,2,A,1.0,2.0,A,,16.0,13.0,3.0,8.0,10.0,13.0,3.0,6.0,1.0,2.0,0.0,0.0,2,1,1516
2016-02-28,Barcelona,Sevilla,2,1,H,1.0,1.0,D,,17.0,11.0,8.0,4.0,13.0,10.0,6.0,7.0,3.0,2.0,0.0,0.0,2,1,1516
2016-03-03,Vallecano,Barcelona,1,5,A,0.0,2.0,A,,8.0,20.0,4.0,8.0,17.0,9.0,3.0,5.0,0.0,2.0,2.0,0.0,5,1,1516
2016-03-06,Eibar,Barcelona,0,4,A,0.0,2.0,A,,7.0,9.0,0.0,7.0,18.0,10.0,6.0,2.0,3.0,2.0,0.0,0.0,4,0,1516
2016-03-12,Barcelona,Getafe,6,0,H,4.0,0.0,H,,16.0,6.0,9.0,1.0,7.0,13.0,5.0,3.0,0.0,3.0,0.0,0.0,6,0,1516
2016-03-20,Villarreal,Barcelona,2,2,D,0.0,2.0,A,,15.0,15.0,6.0,6.0,17.0,9.0,4.0,4.0,8.0,4.0,0.0,0.0,2,2,1516
2016-04-02,Barcelona,Real Madrid,1,2,A,0.0,0.0,D,,14.0,14.0,3.0,6.0,17.0,15.0,4.0,3.0,3.0,2.0,0.0,1.0,1,2,1516
2016-04-09,Sociedad,Barcelona,1,0,H,1.0,0.0,H,,5.0,13.0,1.0,6.0,14.0,13.0,5.0,9.0,1.0,3.0,0.0,0.0,0,1,1516
2016-04-17,Barcelona,Valencia,1,2,A,0.0,2.0,A,,22.0,7.0,7.0,2.0,12.0,15.0,7.0,2.0,3.0,3.0,0.0,0.0,1,2,1516
2016-04-20,La Coruna,Barcelona,0,8,A,0.0,2.0,A,,16.0,19.0,5.0,10.0,11.0,8.0,6.0,2.0,1.0,0.0,0.0,0.0,8,0,1516
2016-04-23,Barcelona,Sp Gijon,6,0,H,1.0,0.0,H,,24.0,5.0,10.0,3.0,11.0,11.0,6.0,1.0,0.0,2.0,0.0,1.0,6,0,1516
2016-04-30,Betis,Barcelona,0,2,A,0.0,0.0,D,,2.0,11.0,1.0,4.0,9.0,11.0,2.0,4.0,3.0,3.0,1.0,0.0,2,0,1516
2016-05-08,Barcelona,Espanol,5,0,H,1.0,0.0,H,,13.0,4.0,7.0,1.0,13.0,25.0,8.0,0.0,2.0,7.0,0.0,0.0,5,0,1516
2016-05-14,Granada,Barcelona,0,3,A,0.0,2.0,A,,8.0,12.0,2.0,10.0,12.0,10.0,5.0,6.0,5.0,2.0,0.0,0.0,3,0,1516
2016-08-20,Barcelona,Betis,6,2,H,3.0,1.0,H,,30.0,6.0,12.0,2.0,17.0,13.0,10.0,2.0,1.0,3.0,0.0,0.0,6,2,1617
2016-08-28,Ath Bilbao,Barcelona,0,1,A,0.0,1.0,A,,9.0,12.0,4.0,3.0,20.0,13.0,4.0,4.0,5.0,4.0,0.0,0.0,1,0,1617
2016-09-10,Barcelona,Alaves,1,2,A,0.0,1.0,A,,16.0,5.0,2.0,4.0,12.0,12.0,13.0,0.0,1.0,1.0,0.0,0.0,1,2,1617
2016-09-17,Leganes,Barcelona,1,5,A,0.0,3.0,A,,15.0,10.0,6.0,7.0,28.0,7.0,2.0,5.0,4.0,2.0,0.0,0.0,5,1,1617
2016-09-21,Barcelona,Ath Madrid,1,1,D,1.0,0.0,H,,19.0,9.0,7.0,4.0,14.0,17.0,8.0,2.0,2.0,4.0,0.0,0.0,1,1,1617
2016-09-24,Sp Gijon,Barcelona,0,5,A,0.0,2.0,A,,10.0,13.0,3.0,7.0,15.0,10.0,4.0,3.0,1.0,0.0,1.0,0.0,5,0,1617
2016-10-02,Celta,Barcelona,4,3,H,3.0,0.0,H,,14.0,13.0,9.0,4.0,16.0,11.0,3.0,6.0,1.0,3.0,0.0,0.0,3,4,1617
2016-10-15,Barcelona,La Coruna,4,0,H,3.0,0.0,H,,25.0,7.0,8.0,0.0,5.0,15.0,8.0,2.0,1.0,2.0,0.0,1.0,4,0,1617
2016-10-22,Valencia,Barcelona,2,3,A,0.0,1.0,A,,7.0,15.0,4.0,8.0,15.0,13.0,3.0,1.0,5.0,4.0,0.0,0.0,3,2,1617
2016-10-29,Barcelona,Granada,1,0,H,0.0,0.0,D,,15.0,1.0,5.0,0.0,7.0,17.0,8.0,1.0,1.0,4.0,0.0,0.0,1,0,1617
2016-11-06,Sevilla,Barcelona,1,2,A,1.0,1.0,D,,15.0,14.0,4.0,7.0,18.0,12.0,3.0,5.0,4.0,6.0,0.0,0.0,2,1,1617
2016-11-19,Barcelona,Malaga,0,0,D,0.0,0.0,D,,28.0,4.0,8.0,1.0,13.0,12.0,14.0,1.0,0.0,2.0,0.0,2.0,0,0,1617
2016-11-27,Sociedad,Barcelona,1,1,D,0.0,0.0,D,,17.0,10.0,6.0,2.0,16.0,11.0,8.0,6.0,2.0,4.0,0.0,0.0,1,1,1617
2016-12-03,Barcelona,Real Madrid,1,1,D,0.0,0.0,D,,11.0,14.0,2.0,5.0,19.0,16.0,5.0,7.0,4.0,2.0,0.0,0.0,1,1,1617
2016-12-10,Osasuna,Barcelona,0,3,A,0.0,0.0,D,,4.0,17.0,1.0,6.0,18.0,6.0,2.0,5.0,3.0,0.0,0.0,0.0,3,0,1617
2016-12-18,Barcelona,Espanol,4,1,H,1.0,0.0,H,,14.0,4.0,7.0,1.0,11.0,16.0,5.0,2.0,0.0,3.0,0.0,0.0,4,1,1617
2017-01-08,Villarreal,Barcelona,1,1,D,0.0,0.0,D,,6.0,20.0,3.0,7.0,16.0,13.0,2.0,4.0,1.0,2.0,1.0,0.0,1,1,1617
2017-01-14,Barcelona,Las Palmas,5,0,H,1.0,0.0,H,,22.0,7.0,10.0,1.0,15.0,11.0,5.0,1.0,3.0,4.0,0.0,0.0,5,0,1617
2017-01-22,Eibar,Barcelona,0,4,A,0.0,1.0,A,,14.0,14.0,6.0,7.0,12.0,4.0,8.0,5.0,3.0,1.0,0.0,0.0,4,0,1617
2017-01-29,Betis,Barcelona,1,1,D,0.0,0.0,D,,17.0,10.0,7.0,4.0,17.0,12.0,8.0,2.0,2.0,3.0,0.0,0.0,1,1,1617
2017-02-04,Barcelona,Ath Bilbao,3,0,H,2.0,0.0,H,,16.0,10.0,6.0,5.0,11.0,18.0,7.0,3.0,1.0,3.0,0.0,0.0,3,0,1617
2017-02-11,Alaves,Barcelona,0,6,A,0.0,2.0,A,,9.0,21.0,4.0,9.0,16.0,9.0,3.0,9.0,1.0,3.0,0.0,0.0,6,0,1617
2017-02-19,Barcelona,Leganes,2,1,H,1.0,0.0,H,,13.0,11.0,6.0,6.0,8.0,18.0,4.0,4.0,1.0,3.0,0.0,0.0,2,1,1617
2017-02-26,Ath Madrid,Barcelona,1,2,A,0.0,0.0,D,,12.0,15.0,4.0,6.0,28.0,14.0,6.0,5.0,4.0,2.0,0.0,0.0,2,1,1617
2017-03-01,Barcelona,Sp Gijon,6,1,H,3.0,1.0,H,,25.0,5.0,9.0,2.0,14.0,12.0,10.0,3.0,1.0,3.0,0.0,0.0,6,1,1617
2017-03-04,Barcelona,Celta,5,0,H,2.0,0.0,H,,19.0,7.0,9.0,2.0,10.0,16.0,10.0,1.0,1.0,3.0,0.0,0.0,5,0,1617
2017-03-12,La Coruna,Barcelona,2,1,H,1.0,0.0,H,,14.0,16.0,9.0,5.0,7.0,8.0,4.0,8.0,2.0,0.0,0.0,0.0,1,2,1617
2017-03-19,Barcelona,Valencia,4,2,H,2.0,2.0,D,,28.0,6.0,12.0,5.0,4.0,12.0,6.0,3.0,3.0,4.0,0.0,1.0,4,2,1617
2017-04-02,Granada,Barcelona,1,4,A,0.0,1.0,A,,7.0,26.0,5.0,13.0,15.0,10.0,1.0,9.0,1.0,3.0,1.0,0.0,4,1,1617
2017-04-05,Barcelona,Sevilla,3,0,H,3.0,0.0,H,,15.0,7.0,7.0,3.0,16.0,13.0,4.0,4.0,4.0,2.0,0.0,1.0,3,0,1617
2017-04-08,Malaga,Barcelona,2,0,H,1.0,0.0,H,,8.0,11.0,4.0,3.0,26.0,20.0,2.0,3.0,4.0,3.0,0.0,1.0,0,2,1617
2017-04-15,Barcelona,Sociedad,3,2,H,3.0,2.0,H,,16.0,14.0,9.0,7.0,15.0,17.0,5.0,4.0,3.0,2.0,0.0,0.0,3,2,1617
2017-04-23,Real Madrid,Barcelona,2,3,A,1.0,1.0,D,,22.0,16.0,14.0,9.0,13.0,8.0,7.0,4.0,2.0,2.0,1.0,0.0,3,2,1617
2017-04-26,Barcelona,Osasuna,7,1,H,2.0,0.0,H,,19.0,3.0,9.0,2.0,3.0,7.0,10.0,1.0,0.0,0.0,0.0,0.0,7,1,1617
2017-04-29,Espanol,Barcelona,0,3,A,0.0,0.0,D,,6.0,15.0,3.0,9.0,19.0,18.0,4.0,5.0,3.0,0.0,0.0,0.0,3,0,1617
2017-05-06,Barcelona,Villarreal,4,1,H,2.0,1.0,H,,20.0,8.0,8.0,4.0,10.0,13.0,4.0,3.0,2.0,4.0,0.0,0.0,4,1,1617
2017-05-14,Las Palmas,Barcelona,1,4,A,0.0,2.0,A,,11.0,11.0,5.0,5.0,13.0,15.0,3.0,6.0,0.0,1.0,0.0,0.0,4,1,1617
2017-05-21,Barcelona,Eibar,4,2,H,0.0,1.0,A,,18.0,6.0,11.0,4.0,3.0,16.0,10.0,4.0,1.0,2.0,0.0,1.0,4,2,1617
2017-08-20,Barcelona,Betis,2,0,H,2.0,0.0,H,,15.0,3.0,2.0,0.0,16.0,15.0,8.0,0.0,2.0,1.0,0.0,0.0,2,0,1718
2017-08-26,Alaves,Barcelona,0,2,A,0.0,0.0,D,,11.0,23.0,2.0,11.0,12.0,10.0,1.0,14.0,2.0,3.0,0.0,0.0,2,0,1718
2017-09-09,Barcelona,Espanol,5,0,H,2.0,0.0,H,,20.0,9.0,9.0,1.0,11.0,18.0,8.0,7.0,1.0,5.0,0.0,0.0,5,0,1718
2017-09-16,Getafe,Barcelona,1,2,A,1.0,0.0,H,,13.0,7.0,4.0,5.0,15.0,14.0,3.0,4.0,2.0,4.0,0.0,0.0,2,1,1718
2017-09-19,Barcelona,Eibar,6,1,H,2.0,0.0,H,,11.0,13.0,10.0,4.0,4.0,9.0,7.0,7.0,0.0,2.0,0.0,0.0,6,1,1718
2017-09-23,Girona,Barcelona,0,3,A,0.0,1.0,A,,13.0,9.0,2.0,5.0,21.0,5.0,9.0,3.0,3.0,0.0,0.0,0.0,3,0,1718
2017-10-01,Barcelona,Las Palmas,3,0,H,0.0,0.0,D,,22.0,10.0,10.0,1.0,10.0,11.0,8.0,3.0,5.0,1.0,0.0,0.0,3,0,1718
2017-10-14,Ath Madrid,Barcelona,1,1,D,1.0,0.0,H,,5.0,15.0,4.0,7.0,12.0,10.0,2.0,1.0,3.0,2.0,0.0,0.0,1,1,1718
2017-10-21,Barcelona,Malaga,2,0,H,1.0,0.0,H,,12.0,13.0,4.0,5.0,10.0,11.0,4.0,3.0,1.0,4.0,0.0,0.0,2,0,1718
2017-10-28,Ath Bilbao,Barcelona,0,2,A,0.0,1.0,A,,17.0,17.0,5.0,5.0,15.0,12.0,6.0,4.0,1.0,4.0,0.0,0.0,2,0,1718
2017-11-04,Barcelona,Sevilla,2,1,H,1.0,0.0,H,,18.0,8.0,6.0,3.0,10.0,12.0,3.0,3.0,1.0,0.0,0.0,0.0,2,1,1718
2017-11-18,Leganes,Barcelona,0,3,A,0.0,1.0,A,,18.0,11.0,7.0,7.0,25.0,10.0,6.0,3.0,1.0,2.0,0.0,0.0,3,0,1718
2017-11-26,Valencia,Barcelona,1,1,D,0.0,0.0,D,,8.0,12.0,1.0,8.0,12.0,11.0,3.0,9.0,4.0,0.0,0.0,0.0,1,1,1718
2017-12-02,Barcelona,Celta,2,2,D,1.0,1.0,D,,21.0,10.0,7.0,5.0,11.0,12.0,4.0,1.0,3.0,6.0,0.0,0.0,2,2,1718
2017-12-10,Villarreal,Barcelona,0,2,A,0.0,0.0,D,,9.0,16.0,5.0,6.0,18.0,13.0,2.0,4.0,2.0,1.0,1.0,0.0,2,0,1718
2017-12-17,Barcelona,La Coruna,4,0,H,2.0,0.0,H,,23.0,10.0,11.0,3.0,12.0,10.0,6.0,3.0,0.0,1.0,0.0,0.0,4,0,1718
2017-12-23,Real Madrid,Barcelona,0,3,A,0.0,0.0,D,,14.0,18.0,5.0,11.0,14.0,10.0,7.0,7.0,2.0,2.0,1.0,0.0,3,0,1718
2018-01-07,Barcelona,Levante,3,0,H,2.0,0.0,H,,16.0,9.0,8.0,2.0,10.0,22.0,3.0,6.0,0.0,4.0,0.0,0.0,3,0,1718
2018-01-14,Sociedad,Barcelona,2,4,A,2.0,1.0,H,,15.0,11.0,6.0,5.0,15.0,13.0,7.0,3.0,2.0,2.0,0.0,0.0,4,2,1718
2018-01-21,Betis,Barcelona,0,5,A,0.0,0.0,D,,7.0,14.0,2.0,10.0,12.0,9.0,4.0,2.0,2.0,2.0,0.0,0.0,5,0,1718
2018-01-28,Barcelona,Alaves,2,1,H,0.0,1.0,A,,18.0,7.0,12.0,4.0,6.0,18.0,8.0,1.0,0.0,2.0,0.0,0.0,2,1,1718
2018-02-04,Espanol,Barcelona,1,1,D,0.0,0.0,D,,7.0,12.0,2.0,2.0,15.0,12.0,0.0,7.0,5.0,3.0,0.0,0.0,1,1,1718
2018-02-11,Barcelona,Getafe,0,0,D,0.0,0.0,D,,12.0,10.0,6.0,1.0,7.0,13.0,9.0,3.0,2.0,3.0,0.0,0.0,0,0,1718
2018-02-17,Eibar,Barcelona,0,2,A,0.0,1.0,A,,13.0,10.0,3.0,6.0,13.0,6.0,6.0,0.0,3.0,1.0,1.0,0.0,2,0,1718
2018-02-24,Barcelona,Girona,6,1,H,4.0,1.0,H,,21.0,10.0,14.0,4.0,11.0,11.0,5.0,3.0,1.0,1.0,0.0,0.0,6,1,1718
2018-03-01,Las Palmas,Barcelona,1,1,D,0.0,1.0,A,,12.0,10.0,1.0,4.0,18.0,13.0,6.0,6.0,6.0,3.0,0.0,0.0,1,1,1718
2018-03-04,Barcelona,Ath Madrid,1,0,H,1.0,0.0,H,,16.0,6.0,5.0,1.0,16.0,20.0,12.0,1.0,2.0,2.0,0.0,0.0,1,0,1718
2018-03-10,Malaga,Barcelona,0,2,A,0.0,2.0,A,,6.0,20.0,2.0,9.0,15.0,9.0,2.0,5.0,1.0,1.0,1.0,0.0,2,0,1718
2018-03-18,Barcelona,Ath Bilbao,2,0,H,2.0,0.0,H,,18.0,10.0,9.0,3.0,7.0,14.0,6.0,5.0,2.0,2.0,0.0,0.0,2,0,1718
2018-03-31,Sevilla,Barcelona,2,2,D,1.0,0.0,H,,21.0,20.0,6.0,9.0,11.0,7.0,5.0,9.0,2.0,0.0,0.0,0.0,2,2,1718
2018-04-07,Barcelona,Leganes,3,1,H,2.0,0.0,H,,12.0,11.0,6.0,1.0,14.0,12.0,5.0,3.0,2.0,4.0,0.0,0.0,3,1,1718
2018-04-14,Barcelona,Valencia,2,1,H,1.0,0.0,H,,12.0,17.0,7.0,6.0,9.0,11.0,6.0,5.0,2.0,2.0,0.0,0.0,2,1,1718
2018-04-17,Celta,Barcelona,2,2,D,1.0,1.0,D,,18.0,14.0,8.0,6.0,9.0,7.0,6.0,4.0,3.0,0.0,0.0,1.0,2,2,1718
2018-04-29,La Coruna,Barcelona,2,4,A,1.0,2.0,A,,17.0,21.0,5.0,9.0,9.0,9.0,6.0,7.0,1.0,1.0,0.0,0.0,4,2,1718
2018-05-06,Barcelona,Real Madrid,2,2,D,1.0,1.0,D,,11.0,17.0,4.0,5.0,8.0,20.0,6.0,5.0,3.0,5.0,1.0,0.0,2,2,1718
2018-05-09,Barcelona,Villarreal,5,1,H,3.0,0.0,H,,12.0,20.0,6.0,7.0,6.0,15.0,4.0,4.0,0.0,3.0,0.0,0.0,5,1,1718
2018-05-13,Levante,Barcelona,5,4,H,2.0,1.0,H,,12.0,18.0,7.0,7.0,18.0,12.0,3.0,8.0,6.0,6.0,0.0,0.0,4,5,1718
2018-05-20,Barcelona,Sociedad,1,0,H,0.0,0.0,D,,12.0,13.0,4.0,2.0,13.0,13.0,3.0,8.0,3.0,2.0,0.0,0.0,1,0,1718
2018-08-18,Barcelona,Alaves,3,0,H,0.0,0.0,D,,25.0,3.0,9.0,0.0,6.0,13.0,7.0,1.0,0.0,2.0,0.0,0.0,3,0,1819
2018-08-25,Valladolid,Barcelona,0,1,A,0.0,0.0,D,,7.0,10.0,4.0,5.0,13.0,11.0,6.0,10.0,1.0,1.0,0.0,0.0,1,0,1819
2018-09-02,Barcelona,Huesca,8,2,H,3.0,2.0,H,,31.0,7.0,15.0,3.0,6.0,12.0,9.0,4.0,1.0,2.0,0.0,0.0,8,2,1819
2018-09-15,Sociedad,Barcelona,1,2,A,1.0,0.0,H,,8.0,12.0,5.0,6.0,18.0,8.0,1.0,6.0,1.0,1.0,0.0,0.0,2,1,1819
2018-09-23,Barcelona,Girona,2,2,D,1.0,1.0,D,,22.0,7.0,11.0,6.0,9.0,16.0,8.0,2.0,3.0,5.0,1.0,0.0,2,2,1819
2018-09-26,Leganes,Barcelona,2,1,H,0.0,1.0,A,,10.0,9.0,6.0,5.0,15.0,11.0,4.0,5.0,4.0,2.0,0.0,0.0,1,2,1819
2018-09-29,Barcelona,Ath Bilbao,1,1,D,0.0,1.0,A,,20.0,8.0,8.0,2.0,9.0,18.0,4.0,3.0,3.0,3.0,0.0,0.0,1,1,1819
2018-10-07,Valencia,Barcelona,1,1,D,1.0,1.0,D,,10.0,10.0,3.0,5.0,11.0,6.0,5.0,2.0,2.0,2.0,0.0,0.0,1,1,1819
2018-10-20,Barcelona,Sevilla,4,2,H,2.0,0.0,H,,23.0,19.0,9.0,7.0,10.0,16.0,5.0,7.0,0.0,1.0,0.0,0.0,4,2,1819
2018-10-28,Barcelona,Real Madrid,5,1,H,2.0,0.0,H,,13.0,15.0,8.0,4.0,17.0,14.0,4.0,2.0,2.0,2.0,0.0,0.0,5,1,1819
2018-11-03,Vallecano,Barcelona,2,3,A,1.0,1.0,D,,11.0,9.0,5.0,5.0,23.0,11.0,3.0,1.0,4.0,2.0,0.0,0.0,3,2,1819
2018-11-11,Barcelona,Betis,3,4,A,0.0,2.0,A,,20.0,15.0,5.0,8.0,13.0,11.0,10.0,5.0,4.0,2.0,1.0,0.0,3,4,1819
2018-11-24,Ath Madrid,Barcelona,1,1,D,0.0,0.0,D,,3.0,8.0,1.0,2.0,19.0,12.0,2.0,8.0,5.0,3.0,0.0,0.0,1,1,1819
2018-12-02,Barcelona,Villarreal,2,0,H,1.0,0.0,H,,16.0,12.0,7.0,2.0,9.0,17.0,11.0,1.0,2.0,4.0,0.0,0.0,2,0,1819
2018-12-08,Espanol,Barcelona,0,4,A,0.0,3.0,A,,15.0,17.0,3.0,9.0,16.0,10.0,11.0,4.0,1.0,0.0,0.0,0.0,4,0,1819
2018-12-16,Levante,Barcelona,0,5,A,0.0,2.0,A,,20.0,16.0,6.0,9.0,12.0,9.0,15.0,3.0,2.0,3.0,1.0,0.0,5,0,1819
2018-12-22,Barcelona,Celta,2,0,H,2.0,0.0,H,,9.0,11.0,5.0,1.0,14.0,15.0,4.0,6.0,0.0,1.0,0.0,0.0,2,0,1819
2019-01-06,Getafe,Barcelona,1,2,A,1.0,2.0,A,,10.0,12.0,2.0,8.0,23.0,12.0,4.0,4.0,4.0,3.0,0.0,0.0,2,1,1819
2019-01-13,Barcelona,Eibar,3,0,H,1.0,0.0,H,,7.0,15.0,6.0,2.0,10.0,12.0,2.0,3.0,2.0,1.0,0.0,0.0,3,0,1819
2019-01-20,Barcelona,Leganes,3,1,H,1.0,0.0,H,,15.0,5.0,7.0,2.0,12.0,18.0,5.0,1.0,3.0,3.0,0.0,0.0,3,1,1819
2019-01-27,Girona,Barcelona,0,2,A,0.0,1.0,A,,13.0,15.0,5.0,7.0,18.0,12.0,3.0,8.0,5.0,3.0,1.0,0.0,2,0,1819
2019-02-02,Barcelona,Valencia,2,2,D,1.0,2.0,A,,20.0,14.0,8.0,7.0,8.0,5.0,9.0,1.0,3.0,0.0,0.0,0.0,2,2,1819
2019-02-10,Ath Bilbao,Barcelona,0,0,D,0.0,0.0,D,,13.0,10.0,5.0,2.0,23.0,10.0,6.0,4.0,4.0,2.0,1.0,0.0,0,0,1819
2019-02-16,Barcelona,Valladolid,1,0,H,1.0,0.0,H,,20.0,10.0,8.0,0.0,12.0,18.0,3.0,5.0,1.0,3.0,0.0,0.0,1,0,1819
2019-02-23,Sevilla,Barcelona,2,4,A,2.0,1.0,H,,13.0,17.0,4.0,8.0,15.0,11.0,3.0,8.0,6.0,1.0,0.0,0.0,4,2,1819
2019-03-02,Real Madrid,Barcelona,0,1,A,0.0,1.0,A,,17.0,10.0,3.0,4.0,16.0,13.0,8.0,6.0,3.0,2.0,0.0,0.0,1,0,1819
2019-03-09,Barcelona,Vallecano,3,1,H,1.0,1.0,D,,12.0,8.0,6.0,1.0,12.0,17.0,10.0,4.0,1.0,2.0,0.0,0.0,3,1,1819
2019-03-17,Betis,Barcelona,1,4,A,0.0,2.0,A,,13.0,16.0,3.0,9.0,10.0,11.0,3.0,7.0,1.0,2.0,0.0,0.0,4,1,1819
2019-03-30,Barcelona,Espanol,2,0,H,0.0,0.0,D,,13.0,4.0,3.0,2.0,15.0,14.0,5.0,2.0,0.0,4.0,0.0,0.0,2,0,1819
2019-04-02,Villarreal,Barcelona,4,4,D,1.0,2.0,A,,16.0,15.0,9.0,9.0,10.0,10.0,5.0,3.0,4.0,7.0,1.0,0.0,4,4,1819
2019-04-06,Barcelona,Ath Madrid,2,0,H,0.0,0.0,D,,21.0,9.0,10.0,2.0,14.0,12.0,5.0,1.0,3.0,4.0,0.0,1.0,2,0,1819
2019-04-13,Huesca,Barcelona,0,0,D,0.0,0.0,D,,6.0,10.0,1.0,2.0,18.0,13.0,6.0,5.0,1.0,2.0,0.0,0.0,0,0,1819
2019-04-20,Barcelona,Sociedad,2,1,H,1.0,0.0,H,,11.0,9.0,4.0,2.0,10.0,12.0,4.0,2.0,0.0,1.0,0.0,0.0,2,1,1819
2019-04-23,Alaves,Barcelona,0,2,A,0.0,0.0,D,,6.0,17.0,1.0,6.0,19.0,9.0,1.0,4.0,3.0,1.0,0.0,0.0,2,0,1819
2019-04-27,Barcelona,Levante,1,0,H,0.0,0.0,D,,23.0,7.0,12.0,2.0,17.0,12.0,6.0,3.0,4.0,3.0,0.0,0.0,1,0,1819
2019-05-04,Celta,Barcelona,2,0,H,0.0,0.0,D,,14.0,8.0,6.0,1.0,11.0,13.0,11.0,1.0,1.0,5.0,0.0,0.0,0,2,1819
2019-05-12,Barcelona,Getafe,2,0,H,1.0,0.0,H,,13.0,11.0,8.0,0.0,9.0,13.0,4.0,3.0,1.0,3.0,0.0,0.0,2,0,1819
2019-05-19,Eibar,Barcelona,2,2,D,2.0,2.0,D,,15.0,6.0,8.0,3.0,11.0,3.0,5.0,2.0,4.0,2.0,0.0,0.0,2,2,1819
2019-08-16,Ath Bilbao,Barcelona,1,0,H,0.0,0.0,D,,11.0,11.0,5.0,2.0,14.0,9.0,3.0,8.0,1.0,1.0,0.0,0.0,0,1,1920
2019-08-25,Barcelona,Betis,5,2,H,1.0,1.0,D,,20.0,4.0,7.0,3.0,14.0,12.0,11.0,0.0,1.0,1.0,0.0,0.0,5,2,1920
2019-08-31,Osasuna,Barcelona,2,2,D,1.0,0.0,H,,15.0,8.0,5.0,4.0,16.0,9.0,3.0,2.0,3.0,4.0,0.0,0.0,2,2,1920
2019-09-14,Barcelona,Valencia,5,2,H,2.0,1.0,H,,17.0,9.0,10.0,3.0,11.0,11.0,2.0,5.0,1.0,4.0,0.0,0.0,5,2,1920
2019-09-21,Granada,Barcelona,2,0,H,1.0,0.0,H,,9.0,8.0,4.0,1.0,22.0,12.0,4.0,5.0,3.0,2.0,0.0,0.0,0,2,1920
2019-09-24,Barcelona,Villarreal,2,1,H,2.0,1.0,H,,8.0,11.0,4.0,3.0,4.0,13.0,6.0,5.0,4.0,2.0,0.0,0.0,2,1,1920
2019-09-28,Getafe,Barcelona,0,2,A,0.0,1.0,A,,8.0,10.0,1.0,6.0,23.0,17.0,4.0,1.0,4.0,4.0,0.0,1.0,2,0,1920
2019-10-06,Barcelona,Sevilla,4,0,H,3.0,0.0,H,,15.0,16.0,8.0,4.0,10.0,12.0,7.0,10.0,5.0,3.0,2.0,0.0,4,0,1920
2019-10-19,Eibar,Barcelona,0,3,A,0.0,1.0,A,,5.0,9.0,0.0,4.0,16.0,14.0,2.0,2.0,5.0,0.0,0.0,0.0,3,0,1920
2019-10-29,Barcelona,Valladolid,5,1,H,3.0,1.0,H,,18.0,9.0,9.0,1.0,9.0,14.0,6.0,3.0,0.0,3.0,0.0,0.0,5,1,1920
2019-11-02,Levante,Barcelona,3,1,H,0.0,1.0,A,,9.0,9.0,3.0,6.0,9.0,13.0,2.0,3.0,1.0,6.0,0.0,0.0,1,3,1920
2019-11-09,Barcelona,Celta,4,1,H,2.0,1.0,H,,10.0,6.0,7.0,5.0,18.0,14.0,2.0,2.0,4.0,1.0,0.0,0.0,4,1,1920
2019-11-23,Leganes,Barcelona,1,2,A,1.0,0.0,H,,9.0,11.0,4.0,6.0,11.0,10.0,0.0,6.0,1.0,2.0,0.0,0.0,2,1,1920
2019-12-01,Ath Madrid,Barcelona,0,1,A,0.0,0.0,D,,17.0,13.0,2.0,5.0,12.0,11.0,9.0,5.0,4.0,4.0,0.0,0.0,1,0,1920
2019-12-07,Barcelona,Mallorca,5,2,H,4.0,1.0,H,,25.0,9.0,17.0,3.0,15.0,10.0,8.0,4.0,3.0,0.0,0.0,0.0,5,2,1920
2019-12-14,Sociedad,Barcelona,2,2,D,1.0,1.0,D,,19.0,9.0,5.0,5.0,7.0,8.0,8.0,5.0,0.0,1.0,0.0,0.0,2,2,1920
2019-12-18,Barcelona,Real Madrid,0,0,D,0.0,0.0,D,,9.0,17.0,2.0,4.0,5.0,17.0,2.0,6.0,3.0,5.0,0.0,0.0,0,0,1920
2019-12-21,Barcelona,Alaves,4,1,H,2.0,0.0,H,,8.0,5.0,4.0,3.0,10.0,11.0,3.0,4.0,2.0,4.0,0.0,0.0,4,1,1920
2020-01-04,Espanol,Barcelona,2,2,D,1.0,0.0,H,,8.0,14.0,3.0,7.0,17.0,11.0,4.0,5.0,2.0,2.0,0.0,1.0,2,2,1920
2020-01-19,Barcelona,Granada,1,0,H,0.0,0.0,D,,18.0,5.0,6.0,1.0,11.0,17.0,7.0,0.0,0.0,4.0,0.0,1.0,1,0,1920
2020-01-25,Valencia,Barcelona,2,0,H,0.0,0.0,D,,8.0,14.0,6.0,5.0,13.0,16.0,2.0,0.0,1.0,3.0,0.0,0.0,0,2,1920
2020-02-02,Barcelona,Levante,2,1,H,2.0,0.0,H,,23.0,10.0,9.0,5.0,6.0,10.0,8.0,3.0,2.0,0.0,0.0,0.0,2,1,1920
2020-02-09,Betis,Barcelona,2,3,A,2.0,2.0,D,,7.0,10.0,3.0,6.0,21.0,17.0,0.0,8.0,5.0,5.0,1.0,1.0,3,2,1920
2020-02-15,Barcelona,Getafe,2,1,H,2.0,0.0,H,,12.0,7.0,5.0,2.0,12.0,30.0,2.0,3.0,3.0,2.0,0.0,0.0,2,1,1920
2020-02-22,Barcelona,Eibar,5,0,H,3.0,0.0,H,,13.0,12.0,11.0,5.0,8.0,19.0,5.0,5.0,0.0,2.0,0.0,0.0,5,0,1920
2020-03-01,Real Madrid,Barcelona,2,0,H,0.0,0.0,D,,13.0,9.0,5.0,4.0,13.0,10.0,8.0,2.0,2.0,2.0,0.0,0.0,0,2,1920
2020-03-07,Barcelona,Sociedad,1,0,H,0.0,0.0,D,,13.0,9.0,6.0,1.0,12.0,10.0,4.0,4.0,4.0,3.0,0.0,0.0,1,0,1920
2020-06-13,Mallorca,Barcelona,0,4,A,0.0,2.0,A,,13.0,12.0,3.0,7.0,16.0,5.0,9.0,3.0,1.0,2.0,0.0,0.0,4,0,1920
2020-06-16,Barcelona,Leganes,2,0,H,1.0,0.0,H,,10.0,6.0,5.0,2.0,16.0,16.0,3.0,2.0,5.0,3.0,0.0,0.0,2,0,1920
2020-06-19,Sevilla,Barcelona,0,0,D,0.0,0.0,D,,8.0,10.0,4.0,4.0,17.0,8.0,2.0,9.0,3.0,2.0,0.0,0.0,0,0,1920
2020-06-23,Barcelona,Ath Bilbao,1,0,H,0.0,0.0,D,,18.0,6.0,4.0,0.0,10.0,16.0,6.0,2.0,2.0,1.0,0.0,0.0,1,0,1920
2020-06-27,Celta,Barcelona,2,2,D,0.0,1.0,A,,10.0,18.0,6.0,2.0,19.0,10.0,3.0,8.0,3.0,4.0,0.0,0.0,2,2,1920
2020-06-30,Barcelona,Ath Madrid,2,2,D,1.0,1.0,D,,12.0,10.0,5.0,3.0,11.0,15.0,3.0,1.0,3.0,5.0,0.0,0.0,2,2,1920
2020-07-05,Villarreal,Barcelona,1,4,A,1.0,3.0,A,,11.0,18.0,4.0,12.0,11.0,11.0,2.0,6.0,1.0,0.0,0.0,0.0,4,1,1920
2020-07-08,Barcelona,Espanol,1,0,H,0.0,0.0,D,,9.0,11.0,2.0,2.0,8.0,12.0,6.0,5.0,0.0,2.0,1.0,1.0,1,0,1920
2020-07-11,Valladolid,Barcelona,0,1,A,0.0,1.0,A,,13.0,9.0,4.0,6.0,15.0,13.0,4.0,5.0,2.0,2.0,0.0,0.0,1,0,1920
2020-07-16,Barcelona,Osasuna,1,2,A,0.0,1.0,A,,19.0,9.0,3.0,5.0,7.0,14.0,10.0,2.0,4.0,1.0,0.0,1.0,1,2,1920
2020-07-19,Alaves,Barcelona,0,5,A,0.0,3.0,A,,8.0,16.0,0.0,8.0,17.0,15.0,2.0,1.0,0.0,0.0,0.0,0.0,5,0,1920
2020-09-27,Barcelona,Villarreal,4,0,H,4.0,0.0,H,,17.0,5.0,9.0,1.0,9.0,10.0,8.0,4.0,0.0,1.0,0.0,0.0,4,0,2021
2020-10-01,Celta,Barcelona,0,3,A,0.0,1.0,A,,10.0,6.0,3.0,3.0,22.0,10.0,3.0,7.0,5.0,5.0,0.0,1.0,3,0,2021
2020-10-04,Barcelona,Sevilla,1,1,D,1.0,1.0,D,,12.0,13.0,5.0,1.0,11.0,18.0,6.0,5.0,1.0,1.0,0.0,0.0,1,1,2021
2020-10-17,Getafe,Barcelona,1,0,H,0.0,0.0,D,,9.0,7.0,4.0,1.0,20.0,10.0,7.0,2.0,4.0,3.0,0.0,0.0,0,1,2021
2020-10-24,Barcelona,Real Madrid,1,3,A,1.0,1.0,D,,10.0,15.0,4.0,9.0,11.0,13.0,7.0,7.0,3.0,2.0,0.0,0.0,1,3,2021
2020-10-31,Alaves,Barcelona,1,1,D,1.0,0.0,H,,4.0,25.0,3.0,9.0,16.0,4.0,2.0,14.0,4.0,3.0,1.0,0.0,1,1,2021
2020-11-07,Barcelona,Betis,5,2,H,1.0,1.0,D,,18.0,12.0,9.0,6.0,8.0,10.0,9.0,5.0,2.0,2.0,0.0,1.0,5,2,2021
2020-11-21,Ath Madrid,Barcelona,1,0,H,1.0,0.0,H,,9.0,13.0,2.0,4.0,12.0,6.0,8.0,8.0,4.0,0.0,0.0,0.0,0,1,2021
2020-11-29,Barcelona,Osasuna,4,0,H,2.0,0.0,H,,20.0,10.0,11.0,5.0,8.0,12.0,5.0,3.0,1.0,0.0,0.0,0.0,4,0,2021
2020-12-05,Cadiz,Barcelona,2,1,H,1.0,0.0,H,,7.0,21.0,3.0,8.0,10.0,7.0,5.0,13.0,0.0,2.0,0.0,0.0,1,2,2021
2020-12-13,Barcelona,Levante,1,0,H,0.0,0.0,D,,24.0,7.0,13.0,3.0,4.0,15.0,12.0,4.0,2.0,1.0,0.0,0.0,1,0,2021
2020-12-16,Barcelona,Sociedad,2,1,H,2.0,1.0,H,,14.0,12.0,4.0,5.0,18.0,14.0,2.0,3.0,3.0,3.0,0.0,0.0,2,1,2021
2020-12-19,Barcelona,Valencia,2,2,D,1.0,1.0,D,,25.0,12.0,9.0,4.0,10.0,14.0,8.0,3.0,4.0,2.0,0.0,0.0,2,2,2021
2020-12-22,Valladolid,Barcelona,0,3,A,0.0,2.0,A,,12.0,21.0,5.0,10.0,12.0,10.0,4.0,5.0,1.0,2.0,0.0,0.0,3,0,2021
2020-12-29,Barcelona,Eibar,1,1,D,0.0,0.0,D,,16.0,9.0,5.0,3.0,6.0,15.0,5.0,7.0,0.0,2.0,0.0,0.0,1,1,2021
2021-01-03,Huesca,Barcelona,0,1,A,0.0,1.0,A,,4.0,20.0,4.0,7.0,12.0,11.0,2.0,6.0,1.0,0.0,0.0,0.0,1,0,2021
2021-01-06,Ath Bilbao,Barcelona,2,3,A,1.0,2.0,A,,8.0,13.0,3.0,9.0,10.0,6.0,3.0,4.0,2.0,1.0,0.0,0.0,3,2,2021
2021-01-09,Granada,Barcelona,0,4,A,0.0,3.0,A,,8.0,13.0,4.0,4.0,16.0,3.0,4.0,1.0,2.0,3.0,1.0,0.0,4,0,2021
2021-01-24,Elche,Barcelona,0,2,A,0.0,1.0,A,,4.0,15.0,2.0,8.0,15.0,9.0,0.0,7.0,0.0,2.0,0.0,0.0,2,0,2021
2021-01-31,Barcelona,Ath Bilbao,2,1,H,1.0,0.0,H,,12.0,7.0,6.0,2.0,12.0,20.0,7.0,3.0,2.0,3.0,0.0,0.0,2,1,2021
2021-02-07,Betis,Barcelona,2,3,A,1.0,0.0,H,,8.0,12.0,5.0,4.0,21.0,7.0,3.0,5.0,1.0,3.0,0.0,0.0,3,2,2021
2021-02-13,Barcelona,Alaves,5,1,H,2.0,0.0,H,,17.0,6.0,9.0,2.0,10.0,14.0,5.0,4.0,0.0,2.0,0.0,0.0,5,1,2021
2021-02-21,Barcelona,Cadiz,1,1,D,1.0,0.0,H,,20.0,3.0,4.0,1.0,13.0,12.0,8.0,0.0,0.0,2.0,0.0,0.0,1,1,2021
2021-02-24,Barcelona,Elche,3,0,H,0.0,0.0,D,,9.0,6.0,5.0,1.0,8.0,8.0,6.0,3.0,0.0,0.0,0.0,0.0,3,0,2021
2021-02-27,Sevilla,Barcelona,0,2,A,0.0,1.0,A,,4.0,9.0,2.0,5.0,20.0,9.0,3.0,3.0,5.0,2.0,0.0,0.0,2,0,2021
2021-03-06,Osasuna,Barcelona,0,2,A,0.0,1.0,A,,10.0,13.0,3.0,6.0,4.0,12.0,3.0,4.0,0.0,2.0,0.0,0.0,2,0,2021
2021-03-15,Barcelona,Huesca,4,1,H,2.0,1.0,H,,12.0,8.0,5.0,4.0,8.0,13.0,7.0,3.0,0.0,2.0,0.0,0.0,4,1,2021
2021-03-21,Sociedad,Barcelona,1,6,A,0.0,2.0,A,,10.0,14.0,5.0,10.0,11.0,12.0,1.0,1.0,3.0,2.0,0.0,0.0,6,1,2021
2021-04-05,Barcelona,Valladolid,1,0,H,0.0,0.0,D,,25.0,7.0,10.0,2.0,12.0,13.0,4.0,1.0,3.0,3.0,0.0,1.0,1,0,2021
2021-04-10,Real Madrid,Barcelona,2,1,H,2.0,0.0,H,,14.0,18.0,3.0,4.0,16.0,10.0,5.0,6.0,3.0,4.0,1.0,0.0,1,2,2021
2021-04-22,Barcelona,Getafe,5,2,H,3.0,1.0,H,,9.0,5.0,6.0,1.0,8.0,15.0,3.0,1.0,2.0,0.0,0.0,0.0,5,2,2021
2021-04-25,Villarreal,Barcelona,1,2,A,1.0,2.0,A,,10.0,15.0,4.0,5.0,16.0,10.0,6.0,1.0,2.0,3.0,1.0,0.0,2,1,2021
2021-04-29,Barcelona,Granada,1,2,A,1.0,0.0,H,,16.0,6.0,4.0,2.0,10.0,22.0,6.0,1.0,0.0,4.0,0.0,0.0,1,2,2021
2021-05-02,Valencia,Barcelona,2,3,A,0.0,0.0,D,,9.0,14.0,4.0,7.0,12.0,14.0,2.0,1.0,2.0,1.0,0.0,0.0,3,2,2021
2021-05-08,Barcelona,Ath Madrid,0,0,D,0.0,0.0,D,,12.0,11.0,7.0,6.0,13.0,26.0,5.0,7.0,3.0,3.0,0.0,0.0,0,0,2021
2021-05-11,Levante,Barcelona,3,3,D,0.0,2.0,A,,16.0,17.0,6.0,5.0,12.0,4.0,8.0,6.0,2.0,2.0,0.0,0.0,3,3,2021
2021-05-16,Barcelona,Celta,1,2,A,1.0,1.0,D,,20.0,4.0,4.0,4.0,9.0,14.0,7.0,1.0,3.0,2.0,1.0,0.0,1,2,2021
2021-05-22,Eibar,Barcelona,0,1,A,0.0,0.0,D,,17.0,7.0,3.0,3.0,11.0,15.0,6.0,3.0,0.0,3.0,0.0,0.0,1,0,2021
2021-08-15,Barcelona,Sociedad,4,2,H,2.0,0.0,H,,13.0,11.0,8.0,3.0,11.0,18.0,5.0,3.0,2.0,4.0,0.0,0.0,4,2,2122
2021-08-21,Ath Bilbao,Barcelona,1,1,D,0.0,0.0,D,,16.0,9.0,7.0,3.0,15.0,10.0,13.0,2.0,1.0,2.0,0.0,1.0,1,1,2122
2021-08-29,Barcelona,Getafe,2,1,H,2.0,1.0,H,,7.0,8.0,3.0,3.0,16.0,22.0,3.0,2.0,3.0,1.0,0.0,0.0,2,1,2122
2021-09-20,Barcelona,Granada,1,1,D,0.0,1.0,A,,17.0,5.0,6.0,2.0,15.0,20.0,12.0,4.0,3.0,6.0,0.0,0.0,1,1,2122
2021-09-23,Cadiz,Barcelona,0,0,D,0.0,0.0,D,,13.0,6.0,3.0,2.0,16.0,8.0,4.0,5.0,3.0,4.0,0.0,1.0,0,0,2122
2021-09-26,Barcelona,Levante,3,0,H,2.0,0.0,H,,20.0,6.0,12.0,2.0,11.0,16.0,11.0,1.0,1.0,3.0,0.0,0.0,3,0,2122
2021-10-02,Ath Madrid,Barcelona,2,0,H,2.0,0.0,H,,6.0,9.0,3.0,2.0,13.0,10.0,2.0,6.0,2.0,1.0,0.0,0.0,0,2,2122
2021-10-17,Barcelona,Valencia,3,1,H,2.0,1.0,H,,12.0,9.0,5.0,3.0,16.0,13.0,9.0,3.0,2.0,3.0,0.0,0.0,3,1,2122
2021-10-24,Barcelona,Real Madrid,1,2,A,0.0,1.0,A,,12.0,10.0,2.0,5.0,17.0,13.0,7.0,4.0,1.0,1.0,0.0,0.0,1,2,2122
2021-10-27,Vallecano,Barcelona,1,0,H,1.0,0.0,H,,13.0,16.0,3.0,1.0,17.0,12.0,3.0,7.0,2.0,2.0,0.0,0.0,0,1,2122
2021-10-30,Barcelona,Alaves,1,1,D,0.0,0.0,D,,16.0,3.0,5.0,2.0,11.0,11.0,9.0,0.0,0.0,2.0,0.0,0.0,1,1,2122
2021-11-06,Celta,Barcelona,3,3,D,0.0,3.0,A,,18.0,10.0,4.0,6.0,18.0,18.0,3.0,1.0,3.0,6.0,0.0,0.0,3,3,2122
2021-11-20,Barcelona,Espanol,1,0,H,0.0,0.0,D,,16.0,12.0,6.0,2.0,17.0,9.0,4.0,4.0,4.0,2.0,0.0,0.0,1,0,2122
2021-11-27,Villarreal,Barcelona,1,3,A,0.0,0.0,D,,14.0,12.0,2.0,6.0,19.0,14.0,4.0,4.0,2.0,2.0,0.0,0.0,3,1,2122
2021-12-04,Barcelona,Betis,0,1,A,0.0,0.0,D,,12.0,8.0,3.0,2.0,17.0,12.0,6.0,1.0,1.0,2.0,0.0,0.0,0,1,2122
2021-12-12,Osasuna,Barcelona,2,2,D,1.0,1.0,D,,8.0,10.0,3.0,2.0,16.0,16.0,6.0,5.0,5.0,4.0,0.0,0.0,2,2,2122
2021-12-18,Barcelona,Elche,3,2,H,2.0,0.0,H,,19.0,5.0,8.0,3.0,13.0,17.0,5.0,0.0,1.0,3.0,0.0,0.0,3,2,2122
2021-12-21,Sevilla,Barcelona,1,1,D,1.0,1.0,D,,5.0,23.0,1.0,7.0,15.0,13.0,4.0,9.0,2.0,3.0,1.0,0.0,1,1,2122
2022-01-02,Mallorca,Barcelona,0,1,A,0.0,1.0,A,,13.0,13.0,3.0,4.0,22.0,24.0,4.0,3.0,5.0,2.0,0.0,0.0,1,0,2122
2022-01-08,Granada,Barcelona,1,1,D,0.0,0.0,D,,14.0,13.0,4.0,1.0,9.0,21.0,3.0,2.0,2.0,5.0,0.0,1.0,1,1,2122
2022-01-23,Alaves,Barcelona,0,1,A,0.0,0.0,D,,6.0,10.0,2.0,4.0,16.0,8.0,1.0,10.0,0.0,0.0,0.0,0.0,1,0,2122
2022-02-06,Barcelona,Ath Madrid,4,2,H,3.0,1.0,H,,9.0,10.0,4.0,4.0,15.0,13.0,3.0,5.0,2.0,2.0,1.0,0.0,4,2,2122
2022-02-13,Espanol,Barcelona,2,2,D,1.0,1.0,D,,10.0,12.0,4.0,4.0,14.0,13.0,3.0,5.0,5.0,4.0,1.0,1.0,2,2,2122
2022-02-20,Valencia,Barcelona,1,4,A,0.0,3.0,A,,11.0,6.0,5.0,6.0,22.0,16.0,8.0,3.0,3.0,4.0,0.0,0.0,4,1,2122
2022-02-27,Barcelona,Ath Bilbao,4,0,H,1.0,0.0,H,,17.0,6.0,7.0,3.0,8.0,10.0,5.0,0.0,2.0,1.0,0.0,0.0,4,0,2122
2022-03-06,Elche,Barcelona,1,2,A,1.0,0.0,H,,13.0,20.0,3.0,9.0,10.0,8.0,5.0,6.0,2.0,6.0,1.0,0.0,2,1,2122
2022-03-13,Barcelona,Osasuna,4,0,H,3.0,0.0,H,,24.0,4.0,9.0,3.0,7.0,4.0,5.0,1.0,0.0,4.0,0.0,0.0,4,0,2122
2022-03-20,Real Madrid,Barcelona,0,4,A,0.0,2.0,A,,14.0,18.0,4.0,10.0,9.0,12.0,4.0,3.0,4.0,4.0,0.0,0.0,4,0,2122
2022-04-03,Barcelona,Sevilla,1,0,H,0.0,0.0,D,,19.0,8.0,6.0,3.0,12.0,8.0,9.0,2.0,3.0,3.0,0.0,0.0,1,0,2122
2022-04-10,Levante,Barcelona,2,3,A,0.0,0.0,D,,11.0,14.0,6.0,7.0,8.0,7.0,4.0,3.0,1.0,1.0,0.0,0.0,3,2,2122
2022-04-18,Barcelona,Cadiz,0,1,A,0.0,0.0,D,,18.0,6.0,6.0,4.0,16.0,9.0,8.0,1.0,4.0,1.0,0.0,0.0,0,1,2122
2022-04-21,Sociedad,Barcelona,0,1,A,0.0,1.0,A,,8.0,11.0,5.0,1.0,12.0,9.0,5.0,3.0,1.0,2.0,0.0,0.0,1,0,2122
2022-04-24,Barcelona,Vallecano,0,1,A,0.0,1.0,A,,18.0,3.0,5.0,1.0,10.0,1.0,9.0,1.0,4.0,6.0,0.0,0.0,0,1,2122
2022-05-01,Barcelona,Mallorca,2,1,H,1.0,0.0,H,,17.0,6.0,5.0,2.0,13.0,12.0,5.0,2.0,2.0,3.0,0.0,0.0,2,1,2122
2022-05-07,Betis,Barcelona,1,2,A,0.0,0.0,D,,14.0,11.0,5.0,5.0,16.0,18.0,4.0,8.0,1.0,2.0,0.0,0.0,2,1,2122
2022-05-10,Barcelona,Celta,3,1,H,2.0,0.0,H,,10.0,13.0,4.0,5.0,18.0,6.0,2.0,8.0,3.0,0.0,0.0,1.0,3,1,2122
2022-05-15,Getafe,Barcelona,0,0,D,0.0,0.0,D,,9.0,5.0,3.0,1.0,9.0,8.0,5.0,5.0,1.0,2.0,0.0,0.0,0,0,2122
2022-05-22,Barcelona,Villarreal,0,2,A,0.0,1.0,A,,14.0,4.0,3.0,3.0,12.0,7.0,12.0,1.0,3.0,1.0,0.0,0.0,0,2,2122
2022-08-13,Barcelona,Vallecano,0,0,D,0.0,0.0,D,,21.0,4.0,6.0,2.0,16.0,14.0,8.0,0.0,3.0,6.0,1.0,0.0,0,0,2223
2022-08-21,Sociedad,Barcelona,1,4,A,1.0,1.0,D,,10.0,15.0,5.0,7.0,16.0,9.0,3.0,6.0,2.0,1.0,0.0,0.0,4,1,2223
2022-08-28,Barcelona,Valladolid,4,0,H,2.0,0.0,H,,24.0,8.0,9.0,3.0,9.0,8.0,14.0,4.0,0.0,3.0,0.0,0.0,4,0,2223
2022-09-03,Sevilla,Barcelona,0,3,A,0.0,2.0,A,,9.0,18.0,4.0,7.0,15.0,14.0,4.0,4.0,2.0,4.0,0.0,0.0,3,0,2223
2022-09-10,Cadiz,Barcelona,0,4,A,0.0,0.0,D,,6.0,16.0,0.0,8.0,12.0,13.0,5.0,6.0,1.0,2.0,0.0,0.0,4,0,2223
2022-09-17,Barcelona,Elche,3,0,H,2.0,0.0,H,,25.0,1.0,9.0,1.0,11.0,9.0,6.0,0.0,2.0,2.0,0.0,1.0,3,0,2223
2022-10-01,Mallorca,Barcelona,0,1,A,0.0,1.0,A,,13.0,11.0,3.0,3.0,9.0,13.0,5.0,5.0,2.0,4.0,0.0,0.0,1,0,2223
2022-10-09,Barcelona,Celta,1,0,H,1.0,0.0,H,,13.0,14.0,5.0,3.0,16.0,9.0,6.0,3.0,2.0,4.0,0.0,0.0,1,0,2223
2022-10-16,Real Madrid,Barcelona,3,1,H,2.0,0.0,H,,8.0,18.0,4.0,5.0,11.0,14.0,2.0,3.0,2.0,2.0,0.0,0.0,1,3,2223
2022-10-20,Barcelona,Villarreal,3,0,H,3.0,0.0,H,,16.0,5.0,5.0,1.0,18.0,11.0,8.0,0.0,0.0,1.0,0.0,0.0,3,0,2223
2022-10-23,Barcelona,Ath Bilbao,4,0,H,3.0,0.0,H,,10.0,5.0,7.0,3.0,7.0,13.0,1.0,2.0,2.0,2.0,0.0,0.0,4,0,2223
2022-10-29,Valencia,Barcelona,0,1,A,0.0,0.0,D,,3.0,13.0,2.0,2.0,13.0,7.0,3.0,10.0,4.0,5.0,0.0,0.0,1,0,2223
2022-11-05,Barcelona,Almeria,2,0,H,0.0,0.0,D,,27.0,4.0,13.0,1.0,14.0,13.0,9.0,1.0,2.0,1.0,0.0,0.0,2,0,2223
2022-11-08,Osasuna,Barcelona,1,2,A,1.0,0.0,H,,15.0,9.0,3.0,3.0,15.0,6.0,2.0,5.0,4.0,4.0,0.0,2.0,2,1,2223
2022-12-31,Barcelona,Espanol,1,1,D,1.0,0.0,H,,21.0,4.0,6.0,1.0,11.0,15.0,10.0,2.0,6.0,7.0,1.0,1.0,1,1,2223
2023-01-08,Ath Madrid,Barcelona,0,1,A,0.0,1.0,A,,20.0,10.0,5.0,2.0,8.0,16.0,7.0,4.0,2.0,3.0,1.0,1.0,1,0,2223
2023-01-22,Barcelona,Getafe,1,0,H,1.0,0.0,H,,8.0,7.0,4.0,3.0,11.0,6.0,4.0,2.0,1.0,2.0,0.0,0.0,1,0,2223
2023-01-28,Girona,Barcelona,0,1,A,0.0,0.0,D,,8.0,8.0,2.0,3.0,10.0,15.0,4.0,2.0,2.0,3.0,1.0,0.0,1,0,2223
2023-02-01,Betis,Barcelona,1,2,A,0.0,0.0,D,,5.0,13.0,1.0,3.0,17.0,9.0,1.0,6.0,3.0,0.0,1.0,0.0,2,1,2223
2023-02-05,Barcelona,Sevilla,3,0,H,0.0,0.0,D,,16.0,3.0,7.0,1.0,8.0,10.0,8.0,3.0,0.0,2.0,0.0,0.0,3,0,2223
2023-02-12,Villarreal,Barcelona,0,1,A,0.0,1.0,A,,11.0,7.0,2.0,4.0,22.0,18.0,6.0,2.0,4.0,4.0,0.0,0.0,1,0,2223
2023-02-19,Barcelona,Cadiz,2,0,H,2.0,0.0,H,,16.0,14.0,5.0,4.0,15.0,18.0,5.0,6.0,2.0,3.0,0.0,0.0,2,0,2223
2023-02-26,Almeria,Barcelona,1,0,H,1.0,0.0,H,,7.0,14.0,4.0,1.0,13.0,11.0,4.0,7.0,3.0,3.0,0.0,0.0,0,1,2223
2023-03-05,Barcelona,Valencia,1,0,H,1.0,0.0,H,,13.0,13.0,4.0,1.0,11.0,13.0,5.0,2.0,0.0,0.0,1.0,0.0,1,0,2223
2023-03-12,Ath Bilbao,Barcelona,0,1,A,0.0,1.0,A,,15.0,10.0,5.0,2.0,13.0,7.0,5.0,3.0,2.0,1.0,0.0,0.0,1,0,2223
2023-03-19,Barcelona,Real Madrid,2,1,H,1.0,1.0,D,,17.0,11.0,7.0,3.0,12.0,13.0,8.0,1.0,4.0,3.0,0.0,0.0,2,1,2223
2023-04-01,Elche,Barcelona,0,4,A,0.0,1.0,A,,15.0,12.0,2.0,6.0,11.0,11.0,11.0,3.0,0.0,3.0,0.0,0.0,4,0,2223
2023-04-10,Barcelona,Girona,0,0,D,0.0,0.0,D,,18.0,5.0,3.0,0.0,14.0,14.0,12.0,2.0,0.0,2.0,0.0,0.0,0,0,2223
2023-04-16,Getafe,Barcelona,0,0,D,0.0,0.0,D,,5.0,15.0,1.0,3.0,13.0,12.0,1.0,5.0,2.0,1.0,0.0,0.0,0,0,2223
2023-04-23,Barcelona,Ath Madrid,1,0,H,1.0,0.0,H,,13.0,13.0,4.0,3.0,15.0,16.0,3.0,3.0,4.0,7.0,0.0,0.0,1,0,2223
2023-04-26,Vallecano,Barcelona,2,1,H,1.0,0.0,H,,9.0,10.0,6.0,5.0,10.0,14.0,3.0,9.0,1.0,4.0,0.0,0.0,1,2,2223
2023-04-29,Barcelona,Betis,4,0,H,3.0,0.0,H,,15.0,4.0,8.0,1.0,10.0,9.0,10.0,0.0,0.0,2.0,0.0,1.0,4,0,2223
2023-05-02,Barcelona,Osasuna,1,0,H,0.0,0.0,D,,21.0,7.0,4.0,2.0,7.0,10.0,11.0,0.0,0.0,0.0,0.0,1.0,1,0,2223
2023-05-14,Espanol,Barcelona,2,4,A,0.0,3.0,A,,15.0,15.0,7.0,5.0,12.0,9.0,4.0,3.0,1.0,3.0,0.0,0.0,4,2,2223
2023-05-20,Barcelona,Sociedad,1,2,A,0.0,1.0,A,,13.0,13.0,4.0,6.0,8.0,16.0,8.0,2.0,4.0,4.0,0.0,0.0,1,2,2223
2023-05-23,Valladolid,Barcelona,3,1,H,2.0,0.0,H,,8.0,16.0,4.0,6.0,13.0,9.0,2.0,6.0,1.0,0.0,0.0,0.0,1,3,2223
2023-05-28,Barcelona,Mallorca,3,0,H,2.0,0.0,H,,28.0,3.0,9.0,1.0,4.0,9.0,14.0,3.0,0.0,0.0,0.0,1.0,3,0,2223
2023-06-04,Celta,Barcelona,2,1,H,1.0,0.0,H,,12.0,9.0,9.0,2.0,13.0,9.0,2.0,4.0,2.0,2.0,0.0,0.0,1,2,2223
2023-08-13,Getafe,Barcelona,0,0,D,0.0,0.0,D,,5.0,14.0,2.0,4.0,20.0,11.0,3.0,4.0,8.0,2.0,1.0,1.0,0,0,2324
2023-08-20,Barcelona,Cadiz,2,0,H,0.0,0.0,D,,23.0,10.0,10.0,1.0,9.0,22.0,10.0,2.0,4.0,3.0,0.0,0.0,2,0,2324
2023-08-27,Villarreal,Barcelona,3,4,A,2.0,2.0,D,,13.0,21.0,6.0,11.0,12.0,14.0,2.0,6.0,3.0,3.0,0.0,0.0,4,3,2324
2023-09-03,Osasuna,Barcelona,1,2,A,0.0,1.0,A,,11.0,9.0,3.0,4.0,6.0,16.0,8.0,5.0,1.0,3.0,1.0,0.0,2,1,2324
2023-09-16,Barcelona,Betis,5,0,H,2.0,0.0,H,,17.0,11.0,9.0,2.0,9.0,10.0,9.0,5.0,1.0,2.0,0.0,0.0,5,0,2324
2023-09-23,Barcelona,Celta,3,2,H,0.0,1.0,A,,15.0,13.0,6.0,7.0,10.0,11.0,2.0,3.0,2.0,1.0,0.0,0.0,3,2,2324
2023-09-26,Mallorca,Barcelona,2,2,D,2.0,1.0,H,,10.0,10.0,5.0,4.0,19.0,7.0,7.0,2.0,4.0,1.0,1.0,0.0,2,2,2324
2023-09-29,Barcelona,Sevilla,1,0,H,0.0,0.0,D,,18.0,12.0,5.0,3.0,11.0,15.0,13.0,3.0,2.0,3.0,0.0,0.0,1,0,2324
2023-10-08,Granada,Barcelona,2,2,D,2.0,1.0,H,,7.0,22.0,2.0,10.0,12.0,7.0,1.0,11.0,4.0,1.0,0.0,0.0,2,2,2324
2023-10-22,Barcelona,Ath Bilbao,1,0,H,0.0,0.0,D,,12.0,10.0,7.0,3.0,11.0,18.0,4.0,7.0,3.0,3.0,0.0,0.0,1,0,2324
2023-10-28,Barcelona,Real Madrid,1,2,A,1.0,0.0,H,,15.0,13.0,3.0,4.0,15.0,15.0,6.0,3.0,2.0,1.0,0.0,0.0,1,2,2324
2023-11-04,Sociedad,Barcelona,0,1,A,0.0,0.0,D,,13.0,12.0,6.0,4.0,16.0,8.0,8.0,3.0,3.0,3.0,0.0,0.0,1,0,2324
2023-11-12,Barcelona,Alaves,2,1,H,0.0,1.0,A,,11.0,8.0,6.0,1.0,11.0,10.0,2.0,1.0,2.0,1.0,0.0,0.0,2,1,2324
2023-11-25,Vallecano,Barcelona,1,1,D,1.0,0.0,H,,10.0,15.0,4.0,4.0,23.0,13.0,1.0,4.0,3.0,4.0,0.0,0.0,1,1,2324
2023-12-03,Barcelona,Ath Madrid,1,0,H,1.0,0.0,H,,13.0,9.0,2.0,4.0,17.0,12.0,7.0,2.0,5.0,4.0,0.0,0.0,1,0,2324
2023-12-10,Barcelona,Girona,2,4,A,1.0,2.0,A,,31.0,15.0,11.0,7.0,7.0,10.0,8.0,3.0,1.0,2.0,0.0,0.0,2,4,2324
2023-12-16,Valencia,Barcelona,1,1,D,0.0,0.0,D,,11.0,16.0,4.0,8.0,9.0,11.0,4.0,6.0,1.0,2.0,0.0,0.0,1,1,2324
2023-12-20,Barcelona,Almeria,3,2,H,1.0,1.0,D,,30.0,10.0,11.0,5.0,16.0,9.0,12.0,0.0,3.0,3.0,0.0,0.0,3,2,2324
2024-01-04,Las Palmas,Barcelona,1,2,A,1.0,0.0,H,,12.0,15.0,3.0,5.0,14.0,5.0,5.0,10.0,5.0,2.0,1.0,0.0,2,1,2324
2024-01-21,Betis,Barcelona,2,4,A,0.0,1.0,A,,14.0,11.0,5.0,4.0,12.0,9.0,3.0,4.0,1.0,2.0,0.0,0.0,4,2,2324
2024-01-27,Barcelona,Villarreal,3,5,A,0.0,1.0,A,,22.0,9.0,10.0,6.0,8.0,13.0,10.0,0.0,3.0,4.0,0.0,0.0,3,5,2324
2024-01-31,Barcelona,Osasuna,1,0,H,0.0,0.0,D,,16.0,9.0,4.0,1.0,9.0,12.0,6.0,6.0,1.0,2.0,0.0,1.0,1,0,2324
2024-02-03,Alaves,Barcelona,1,3,A,0.0,1.0,A,,13.0,8.0,2.0,5.0,15.0,10.0,14.0,5.0,2.0,2.0,0.0,1.0,3,1,2324
2024-02-11,Barcelona,Granada,3,3,D,1.0,1.0,D,,11.0,11.0,6.0,5.0,13.0,9.0,6.0,2.0,1.0,2.0,0.0,0.0,3,3,2324
2024-02-17,Celta,Barcelona,1,2,A,0.0,1.0,A,,13.0,14.0,4.0,4.0,11.0,13.0,2.0,5.0,2.0,4.0,0.0,0.0,2,1,2324
2024-02-24,Barcelona,Getafe,4,0,H,1.0,0.0,H,,17.0,10.0,9.0,4.0,12.0,18.0,5.0,8.0,1.0,4.0,0.0,0.0,4,0,2324
2024-03-03,Ath Bilbao,Barcelona,0,0,D,0.0,0.0,D,,8.0,8.0,2.0,2.0,14.0,11.0,4.0,4.0,3.0,3.0,0.0,0.0,0,0,2324
2024-03-08,Barcelona,Mallorca,1,0,H,0.0,0.0,D,,20.0,9.0,6.0,3.0,9.0,14.0,4.0,1.0,1.0,1.0,0.0,0.0,1,0,2324
2024-03-17,Ath Madrid,Barcelona,0,3,A,0.0,1.0,A,,12.0,9.0,3.0,5.0,15.0,9.0,7.0,3.0,3.0,1.0,1.0,0.0,3,0,2324
2024-03-30,Barcelona,Las Palmas,1,0,H,0.0,0.0,D,,14.0,8.0,2.0,0.0,11.0,9.0,6.0,1.0,5.0,1.0,0.0,1.0,1,0,2324
2024-04-13,Cadiz,Barcelona,0,1,A,0.0,1.0,A,,14.0,12.0,3.0,2.0,17.0,15.0,8.0,4.0,3.0,3.0,0.0,0.0,1,0,2324
2024-04-21,Real Madrid,Barcelona,3,2,H,1.0,1.0,D,,14.0,14.0,8.0,6.0,11.0,12.0,2.0,8.0,3.0,2.0,0.0,0.0,2,3,2324
2024-04-29,Barcelona,Valencia,4,2,H,1.0,2.0,A,,27.0,5.0,13.0,3.0,12.0,5.0,15.0,1.0,1.0,0.0,0.0,1.0,4,2,2324
2024-05-04,Girona,Barcelona,4,2,H,1.0,2.0,A,,9.0,16.0,7.0,7.0,11.0,8.0,5.0,4.0,0.0,3.0,0.0,0.0,2,4,2324
2024-05-13,Barcelona,Sociedad,2,0,H,1.0,0.0,H,,14.0,10.0,5.0,3.0,12.0,14.0,6.0,2.0,2.0,3.0,0.0,0.0,2,0,2324
2024-05-16,Almeria,Barcelona,0,2,A,0.0,1.0,A,,12.0,16.0,3.0,7.0,9.0,11.0,4.0,7.0,0.0,1.0,0.0,0.0,2,0,2324
2024-05-19,Barcelona,Vallecano,3,0,H,1.0,0.0,H,,14.0,15.0,6.0,4.0,10.0,7.0,7.0,5.0,4.0,2.0,0.0,0.0,3,0,2324
2024-05-26,Sevilla,Barcelona,1,2,A,1.0,1.0,D,,15.0,11.0,6.0,6.0,11.0,9.0,6.0,5.0,2.0,1.0,0.0,0.0,2,1,2324
2024-08-17,Valencia,Barcelona,1,2,A,1.0,1.0,D,,6.0,18.0,1.0,8.0,11.0,13.0,3.0,8.0,2.0,3.0,0.0,0.0,2,1,2425
2024-08-24,Barcelona,Ath Bilbao,2,1,H,1.0,1.0,D,,13.0,9.0,5.0,2.0,11.0,16.0,5.0,6.0,4.0,5.0,0.0,0.0,2,1,2425
2024-08-27,Vallecano,Barcelona,1,2,A,1.0,0.0,H,,8.0,22.0,4.0,5.0,17.0,11.0,6.0,6.0,3.0,1.0,0.0,0.0,2,1,2425
2024-08-31,Barcelona,Valladolid,7,0,H,3.0,0.0,H,,23.0,5.0,10.0,2.0,6.0,12.0,10.0,1.0,0.0,3.0,0.0,0.0,7,0,2425
2024-09-15,Girona,Barcelona,1,4,A,0.0,2.0,A,,9.0,20.0,4.0,9.0,13.0,4.0,1.0,6.0,3.0,2.0,0.0,1.0,4,1,2425
2024-09-22,Villarreal,Barcelona,1,5,A,1.0,2.0,A,,13.0,17.0,4.0,10.0,12.0,12.0,7.0,3.0,6.0,1.0,0.0,0.0,5,1,2425
2024-09-25,Barcelona,Getafe,1,0,H,1.0,0.0,H,,16.0,7.0,4.0,1.0,4.0,14.0,7.0,5.0,1.0,1.0,0.0,0.0,1,0,2425
2024-09-28,Osasuna,Barcelona,4,2,H,2.0,0.0,H,,11.0,12.0,6.0,5.0,13.0,3.0,5.0,8.0,2.0,2.0,0.0,0.0,2,4,2425
2024-10-06,Alaves,Barcelona,0,3,A,0.0,3.0,A,,11.0,14.0,2.0,8.0,13.0,8.0,11.0,3.0,2.0,2.0,0.0,0.0,3,0,2425
2024-10-20,Barcelona,Sevilla,5,1,H,3.0,0.0,H,,21.0,7.0,9.0,1.0,6.0,14.0,5.0,5.0,1.0,2.0,0.0,0.0,5,1,2425
2024-10-26,Real Madrid,Barcelona,0,4,A,0.0,0.0,D,,9.0,15.0,4.0,7.0,15.0,17.0,10.0,3.0,2.0,5.0,0.0,0.0,4,0,2425
2024-11-03,Barcelona,Espanol,3,1,H,3.0,0.0,H,,14.0,10.0,9.0,3.0,13.0,14.0,9.0,5.0,0.0,3.0,0.0,0.0,3,1,2425
2024-11-10,Sociedad,Barcelona,1,0,H,1.0,0.0,H,,14.0,11.0,6.0,0.0,17.0,6.0,7.0,6.0,3.0,1.0,0.0,0.0,0,1,2425
2024-11-23,Celta,Barcelona,2,2,D,0.0,1.0,A,,15.0,9.0,8.0,4.0,13.0,9.0,5.0,1.0,5.0,5.0,0.0,1.0,2,2,2425
2024-11-30,Barcelona,Las Palmas,1,2,A,0.0,0.0,D,,27.0,5.0,8.0,3.0,7.0,11.0,7.0,0.0,0.0,0.0,0.0,0.0,1,2,2425
2024-12-03,Mallorca,Barcelona,1,5,A,1.0,1.0,D,,6.0,20.0,1.0,9.0,13.0,13.0,2.0,5.0,4.0,3.0,0.0,0.0,5,1,2425
2024-12-07,Betis,Barcelona,2,2,D,0.0,1.0,A,,12.0,9.0,6.0,3.0,15.0,14.0,6.0,4.0,1.0,2.0,0.0,0.0,2,2,2425
2024-12-15,Barcelona,Leganes,0,1,A,0.0,1.0,A,,20.0,6.0,4.0,4.0,5.0,13.0,8.0,2.0,0.0,2.0,0.0,0.0,0,1,2425
2024-12-21,Barcelona,Ath Madrid,1,2,A,1.0,0.0,H,,19.0,5.0,7.0,4.0,11.0,8.0,11.0,3.0,0.0,3.0,0.0,0.0,1,2,2425
2025-01-18,Getafe,Barcelona,1,1,D,1.0,1.0,D,,10.0,21.0,4.0,5.0,9.0,9.0,2.0,10.0,3.0,2.0,0.0,0.0,1,1,2425
2025-01-26,Barcelona,Valencia,7,1,H,5.0,0.0,H,,22.0,7.0,11.0,2.0,10.0,12.0,14.0,4.0,0.0,1.0,0.0,0.0,7,1,2425
2025-02-02,Barcelona,Alaves,1,0,H,0.0,0.0,D,,11.0,3.0,4.0,0.0,8.0,20.0,5.0,2.0,5.0,2.0,0.0,0.0,1,0,2425
2025-02-09,Sevilla,Barcelona,1,4,A,1.0,1.0,D,,8.0,10.0,4.0,6.0,14.0,6.0,5.0,6.0,5.0,2.0,0.0,1.0,4,1,2425
2025-02-17,Barcelona,Vallecano,1,0,H,1.0,0.0,H,,14.0,9.0,5.0,4.0,11.0,9.0,4.0,5.0,2.0,3.0,0.0,0.0,1,0,2425
2025-02-22,Las Palmas,Barcelona,0,2,A,0.0,0.0,D,,10.0,15.0,2.0,5.0,13.0,4.0,5.0,3.0,1.0,1.0,0.0,0.0,2,0,2425
2025-03-02,Barcelona,Sociedad,4,0,H,2.0,0.0,H,,33.0,0.0,10.0,0.0,15.0,6.0,12.0,0.0,0.0,0.0,0.0,1.0,4,0,2425
2025-03-16,Ath Madrid,Barcelona,2,4,A,1.0,0.0,H,,7.0,13.0,2.0,6.0,10.0,11.0,6.0,6.0,1.0,3.0,0.0,0.0,4,2,2425
2025-03-27,Barcelona,Osasuna,3,0,H,2.0,0.0,H,,19.0,4.0,5.0,0.0,7.0,14.0,8.0,4.0,1.0,3.0,0.0,0.0,3,0,2425
2025-03-30,Barcelona,Girona,4,1,H,1.0,0.0,H,,21.0,4.0,9.0,2.0,8.0,11.0,10.0,2.0,0.0,1.0,0.0,0.0,4,1,2425
2025-04-05,Barcelona,Betis,1,1,D,1.0,1.0,D,,13.0,6.0,5.0,2.0,16.0,12.0,9.0,3.0,2.0,1.0,0.0,0.0,1,1,2425
2025-04-12,Leganes,Barcelona,0,1,A,0.0,0.0,D,,6.0,12.0,1.0,3.0,10.0,4.0,4.0,8.0,2.0,1.0,0.0,0.0,1,0,2425
2025-04-19,Barcelona,Celta,4,3,H,1.0,1.0,D,,18.0,11.0,6.0,8.0,10.0,13.0,4.0,1.0,2.0,2.0,0.0,0.0,4,3,2425
2025-04-22,Barcelona,Mallorca,1,0,H,0.0,0.0,D,,40.0,4.0,13.0,0.0,10.0,7.0,13.0,2.0,0.0,1.0,0.0,0.0,1,0,2425
2025-05-03,Valladolid,Barcelona,1,2,A,1.0,0.0,H,,5.0,24.0,4.0,7.0,12.0,15.0,4.0,8.0,3.0,2.0,0.0,0.0,2,1,2425
2025-05-11,Barcelona,Real Madrid,4,3,H,4.0,2.0,H,,23.0,9.0,9.0,5.0,17.0,15.0,10.0,2.0,4.0,3.0,0.0,0.0,4,3,2425
2025-05-15,Espanol,Barcelona,0,2,A,0.0,0.0,D,,9.0,12.0,1.0,4.0,8.0,10.0,3.0,3.0,2.0,2.0,1.0,0.0,2,0,2425
2025-05-18,Barcelona,Villarreal,2,3,A,2.0,1.0,H,,24.0,7.0,9.0,3.0,14.0,9.0,11.0,3.0,2.0,0.0,0.0,0.0,2,3,2425
2025-05-25,Ath Bilbao,Barcelona,0,3,A,0.0,2.0,A,,10.0,13.0,1.0,4.0,21.0,10.0,2.0,6.0,1.0,0.0,0.0,0.0,3,0,2425
2025-08-16,Mallorca,Barcelona,0,3,A,0.0,2.0,A,,4.0,24.0,1.0,8.0,8.0,17.0,3.0,6.0,4.0,1.0,2.0,0.0,3,0,2526
2025-08-23,Levante,Barcelona,2,3,A,2.0,0.0,H,,8.0,26.0,5.0,10.0,10.0,8.0,0.0,11.0,3.0,1.0,0.0,0.0,3,2,2526
2025-08-31,Vallecano,Barcelona,1,1,D,0.0,1.0,A,,12.0,12.0,6.0,3.0,16.0,8.0,9.0,4.0,4.0,1.0,0.0,0.0,1,1,2526
2025-09-14,Barcelona,Valencia,6,0,H,1.0,0.0,H,,24.0,2.0,10.0,1.0,9.0,8.0,5.0,4.0,0.0,1.0,0.0,0.0,6,0,2526
2025-09-21,Barcelona,Getafe,3,0,H,2.0,0.0,H,,16.0,3.0,7.0,2.0,9.0,15.0,3.0,2.0,2.0,4.0,0.0,0.0,3,0,2526
2025-09-25,Oviedo,Barcelona,1,3,A,1.0,0.0,H,,7.0,22.0,3.0,10.0,10.0,6.0,6.0,9.0,1.0,0.0,0.0,0.0,3,1,2526
2025-09-28,Barcelona,Sociedad,2,1,H,1.0,1.0,D,,22.0,7.0,12.0,2.0,6.0,12.0,12.0,1.0,1.0,2.0,0.0,0.0,2,1,2526
2025-10-05,Sevilla,Barcelona,4,1,H,2.0,1.0,H,,13.0,17.0,5.0,8.0,18.0,9.0,7.0,6.0,7.0,5.0,0.0,0.0,1,4,2526
2025-10-18,Barcelona,Girona,2,1,H,1.0,1.0,D,,27.0,11.0,9.0,4.0,10.0,7.0,11.0,5.0,1.0,2.0,0.0,0.0,2,1,2526
2025-10-26,Real Madrid,Barcelona,2,1,H,2.0,1.0,H,,23.0,15.0,10.0,6.0,12.0,9.0,12.0,4.0,5.0,5.0,1.0,1.0,1,2,2526
2025-11-02,Barcelona,Elche,3,1,H,2.0,1.0,H,,17.0,9.0,5.0,3.0,12.0,16.0,6.0,3.0,0.0,1.0,0.0,0.0,3,1,2526
2025-11-09,Celta,Barcelona,2,4,A,2.0,3.0,A,,5.0,21.0,3.0,9.0,13.0,10.0,2.0,5.0,1.0,5.0,0.0,1.0,4,2,2526
2025-11-22,Barcelona,Ath Bilbao,4,0,H,2.0,0.0,H,,19.0,13.0,7.0,2.0,9.0,9.0,5.0,7.0,0.0,2.0,0.0,1.0,4,0,2526
2025-11-29,Barcelona,Alaves,3,1,H,2.0,1.0,H,,18.0,9.0,6.0,2.0,10.0,17.0,5.0,4.0,2.0,3.0,0.0,0.0,3,1,2526
2025-12-02,Barcelona,Ath Madrid,3,1,H,1.0,1.0,D,,19.0,7.0,6.0,2.0,12.0,9.0,5.0,4.0,1.0,1.0,0.0,0.0,3,1,2526
2025-12-06,Betis,Barcelona,3,5,A,1.0,4.0,A,,17.0,16.0,5.0,8.0,14.0,9.0,7.0,7.0,5.0,2.0,0.0,0.0,5,3,2526
2025-12-13,Barcelona,Osasuna,2,0,H,0.0,0.0,D,,24.0,3.0,7.0,2.0,5.0,8.0,14.0,1.0,0.0,3.0,0.0,0.0,2,0,2526
2025-12-21,Villarreal,Barcelona,0,2,A,0.0,1.0,A,,14.0,19.0,5.0,5.0,10.0,8.0,5.0,10.0,1.0,1.0,1.0,0.0,2,0,2526
2026-01-03,Espanol,Barcelona,0,2,A,0.0,0.0,D,,14.0,15.0,7.0,6.0,10.0,14.0,5.0,7.0,1.0,0.0,0.0,0.0,2,0,2526
2026-01-18,Sociedad,Barcelona,2,1,H,1.0,0.0,H,,8.0,25.0,6.0,9.0,13.0,8.0,6.0,8.0,3.0,3.0,1.0,0.0,1,2,2526
2026-01-25,Barcelona,Oviedo,3,0,H,0.0,0.0,D,,15.0,12.0,7.0,3.0,8.0,21.0,10.0,1.0,1.0,2.0,0.0,0.0,3,0,2526
2026-01-31,Elche,Barcelona,1,3,A,1.0,2.0,A,,9.0,30.0,3.0,8.0,15.0,9.0,2.0,8.0,2.0,1.0,0.0,0.0,3,1,2526
2026-02-07,Barcelona,Mallorca,3,0,H,1.0,0.0,H,,24.0,9.0,7.0,4.0,7.0,9.0,12.0,3.0,0.0,0.0,0.0,0.0,3,0,2526
2026-02-16,Girona,Barcelona,2,1,H,0.0,0.0,D,,13.0,27.0,9.0,4.0,10.0,6.0,3.0,7.0,1.0,2.0,1.0,0.0,1,2,2526
2026-02-22,Barcelona,Levante,3,0,H,2.0,0.0,H,,22.0,5.0,9.0,2.0,12.0,10.0,13.0,6.0,2.0,1.0,0.0,0.0,3,0,2526
2026-02-28,Barcelona,Villarreal,4,1,H,2.0,0.0,H,,19.0,6.0,8.0,1.0,11.0,9.0,3.0,2.0,2.0,1.0,0.0,0.0,4,1,2526
2026-03-07,Ath Bilbao,Barcelona,0,1,A,0.0,0.0,D,,10.0,7.0,3.0,2.0,11.0,9.0,2.0,4.0,2.0,1.0,0.0,0.0,1,0,2526
2026-03-15,Barcelona,Sevilla,5,2,H,3.0,1.0,H,,13.0,8.0,8.0,4.0,5.0,14.0,3.0,4.0,0.0,1.0,0.0,0.0,5,2,2526
2026-03-22,Barcelona,Vallecano,1,0,H,1.0,0.0,H,,15.0,8.0,4.0,4.0,12.0,11.0,6.0,9.0,3.0,4.0,0.0,0.0,1,0,2526
2026-04-04,Ath Madrid,Barcelona,1,2,A,1.0,1.0,D,,6.0,22.0,2.0,8.0,15.0,11.0,1.0,9.0,6.0,2.0,1.0,0.0,2,1,2526
2026-04-11,Barcelona,Espanol,4,1,H,2.0,0.0,H,,20.0,10.0,10.0,2.0,10.0,18.0,7.0,5.0,3.0,6.0,0.0,0.0,4,1,2526
2026-04-22,Barcelona,Celta,1,0,H,1.0,0.0,H,,10.0,6.0,3.0,3.0,13.0,10.0,5.0,3.0,1.0,1.0,0.0,0.0,1,0,2526
2026-04-25,Getafe,Barcelona,0,2,A,0.0,1.0,A,,4.0,13.0,0.0,4.0,15.0,8.0,6.0,3.0,2.0,2.0,0.0,0.0,2,0,2526
2026-05-02,Osasuna,Barcelona,1,2,A,0.0,0.0,D,,9.0,13.0,4.0,4.0,9.0,10.0,3.0,7.0,2.0,2.0,0.0,0.0,2,1,2526
2026-05-10,Barcelona,Real Madrid,2,0,H,2.0,0.0,H,,10.0,8.0,7.0,1.0,18.0,9.0,4.0,8.0,2.0,4.0,0.0,0.0,2,0,2526
2026-05-13,Alaves,Barcelona,1,0,H,1.0,0.0,H,,9.0,8.0,3.0,0.0,14.0,8.0,6.0,4.0,1.0,2.0,0.0,0.0,0,1,2526
2026-05-17,Barcelona,Betis,3,1,H,1.0,0.0,H,,15.0,7.0,9.0,2.0,7.0,8.0,6.0,4.0,1.0,0.0,0.0,0.0,3,1,2526
2026-05-23,Valencia,Barcelona,3,1,H,0.0,0.0,D,,19.0,11.0,6.0,4.0,11.0,8.0,7.0,8.0,2.0,2.0,0.0,0.0,1,3,2526
1993-09-05,Barcelona,Sociedad,3,0,H,,,,,,,,,,,,,,,,,3,0,9394
1993-09-12,Albacete,Barcelona,0,0,D,,,,,,,,,,,,,,,,,0,0,9394
1993-09-19,Ath Bilbao,Barcelona,0,0,D,,,,,,,,,,,,,,,,,0,0,9394
1993-09-26,Barcelona,Zaragoza,4,1,H,,,,,,,,,,,,,,,,,4,1,9394
1993-10-03,Osasuna,Barcelona,2,3,A,,,,,,,,,,,,,,,,,3,2,9394
1993-10-06,Barcelona,Valladolid,3,0,H,,,,,,,,,,,,,,,,,3,0,9394
1993-10-17,La Coruna,Barcelona,1,0,H,,,,,,,,,,,,,,,,,0,1,9394
1993-10-24,Barcelona,Oviedo,1,0,H,,,,,,,,,,,,,,,,,1,0,9394
1993-10-31,Ath Madrid,Barcelona,4,3,H,,,,,,,,,,,,,,,,,3,4,9394
1993-11-07,Barcelona,Santander,2,1,H,,,,,,,,,,,,,,,,,2,1,9394
1993-11-10,Tenerife,Barcelona,2,3,A,,,,,,,,,,,,,,,,,3,2,9394
1993-11-21,Barcelona,Lerida,0,1,A,,,,,,,,,,,,,,,,,0,1,9394
1993-11-28,Vallecano,Barcelona,2,4,A,,,,,,,,,,,,,,,,,4,2,9394
1993-12-05,Barcelona,Logrones,2,2,D,,,,,,,,,,,,,,,,,2,2,9394
1993-12-12,Valencia,Barcelona,0,4,A,,,,,,,,,,,,,,,,,4,0,9394
1993-12-19,Barcelona,Celta,1,0,H,,,,,,,,,,,,,,,,,1,0,9394
1994-01-02,Sp Gijon,Barcelona,2,0,H,,,,,,,,,,,,,,,,,0,2,9394
1994-01-09,Barcelona,Real Madrid,5,0,H,,,,,,,,,,,,,,,,,5,0,9394
1994-01-16,Sevilla,Barcelona,0,0,D,,,,,,,,,,,,,,,,,0,0,9394
1994-01-23,Sociedad,Barcelona,2,1,H,,,,,,,,,,,,,,,,,1,2,9394
1994-01-30,Barcelona,Albacete,2,1,H,,,,,,,,,,,,,,,,,2,1,9394
1994-02-06,Barcelona,Ath Bilbao,2,3,A,,,,,,,,,,,,,,,,,2,3,9394
1994-02-13,Zaragoza,Barcelona,6,3,H,,,,,,,,,,,,,,,,,3,6,9394
1994-02-20,Barcelona,Osasuna,8,1,H,,,,,,,,,,,,,,,,,8,1,9394
1994-02-23,Valladolid,Barcelona,1,3,A,,,,,,,,,,,,,,,,,3,1,9394
1994-02-27,Barcelona,La Coruna,3,0,H,,,,,,,,,,,,,,,,,3,0,9394
1994-03-06,Oviedo,Barcelona,1,3,A,,,,,,,,,,,,,,,,,3,1,9394
1994-03-13,Barcelona,Ath Madrid,5,3,H,,,,,,,,,,,,,,,,,5,3,9394
1994-03-20,Santander,Barcelona,1,1,D,,,,,,,,,,,,,,,,,1,1,9394
1994-03-27,Barcelona,Tenerife,2,1,H,,,,,,,,,,,,,,,,,2,1,9394
1994-04-03,Lerida,Barcelona,1,2,A,,,,,,,,,,,,,,,,,2,1,9394
1994-04-06,Barcelona,Vallecano,1,0,H,,,,,,,,,,,,,,,,,1,0,9394
1994-04-10,Logrones,Barcelona,0,0,D,,,,,,,,,,,,,,,,,0,0,9394
1994-04-17,Barcelona,Valencia,3,1,H,,,,,,,,,,,,,,,,,3,1,9394
1994-04-24,Celta,Barcelona,0,4,A,,,,,,,,,,,,,,,,,4,0,9394
1994-05-01,Barcelona,Sp Gijon,4,0,H,,,,,,,,,,,,,,,,,4,0,9394
1994-05-08,Real Madrid,Barcelona,0,1,A,,,,,,,,,,,,,,,,,1,0,9394
1994-05-15,Barcelona,Sevilla,5,2,H,,,,,,,,,,,,,,,,,5,2,9394
1994-09-04,Sp Gijon,Barcelona,2,1,H,,,,,,,,,,,,,,,,,1,2,9495
1994-09-10,Barcelona,Santander,2,1,H,,,,,,,,,,,,,,,,,2,1,9495
1994-09-18,Espanol,Barcelona,0,0,D,,,,,,,,,,,,,,,,,0,0,9495
1994-09-24,Barcelona,Compostela,4,0,H,,,,,,,,,,,,,,,,,4,0,9495
1994-10-02,Zaragoza,Barcelona,2,1,H,,,,,,,,,,,,,,,,,1,2,9495
1994-10-08,Barcelona,Ath Madrid,4,3,H,,,,,,,,,,,,,,,,,4,3,9495
1994-10-15,Valencia,Barcelona,1,2,A,,,,,,,,,,,,,,,,,2,1,9495
1994-10-23,Barcelona,Tenerife,1,0,H,,,,,,,,,,,,,,,,,1,0,9495
1994-10-29,Sociedad,Barcelona,1,1,D,,,,,,,,,,,,,,,,,1,1,9495
1994-11-06,Barcelona,Oviedo,1,0,H,,,,,,,,,,,,,,,,,1,0,9495
1994-11-19,Valladolid,Barcelona,1,3,A,,,,,,,,,,,,,,,,,3,1,9495
1994-11-27,Barcelona,Sevilla,0,1,A,,,,,,,,,,,,,,,,,0,1,9495
1994-12-03,Barcelona,La Coruna,1,1,D,,,,,,,,,,,,,,,,,1,1,9495
1994-12-11,Celta,Barcelona,2,4,A,,,,,,,,,,,,,,,,,4,2,9495
1994-12-21,Barcelona,Betis,1,1,D,,,,,,,,,,,,,,,,,1,1,9495
1995-01-07,Real Madrid,Barcelona,5,0,H,,,,,,,,,,,,,,,,,0,5,9495
1995-01-15,Barcelona,Logrones,3,0,H,,,,,,,,,,,,,,,,,3,0,9495
1995-01-22,Albacete,Barcelona,2,2,D,,,,,,,,,,,,,,,,,2,2,9495
1995-01-28,Barcelona,Ath Bilbao,1,0,H,,,,,,,,,,,,,,,,,1,0,9495
1995-02-05,Barcelona,Sp Gijon,3,1,H,,,,,,,,,,,,,,,,,3,1,9495
1995-02-11,Santander,Barcelona,5,0,H,,,,,,,,,,,,,,,,,0,5,9495
1995-02-18,Barcelona,Espanol,3,0,H,,,,,,,,,,,,,,,,,3,0,9495
1995-02-25,Compostela,Barcelona,1,2,A,,,,,,,,,,,,,,,,,2,1,9495
1995-03-05,Barcelona,Zaragoza,3,0,H,,,,,,,,,,,,,,,,,3,0,9495
1995-03-11,Ath Madrid,Barcelona,2,0,H,,,,,,,,,,,,,,,,,0,2,9495
1995-03-19,Barcelona,Valencia,0,0,D,,,,,,,,,,,,,,,,,0,0,9495
1995-04-02,Tenerife,Barcelona,2,1,H,,,,,,,,,,,,,,,,,1,2,9495
1995-04-09,Barcelona,Sociedad,1,1,D,,,,,,,,,,,,,,,,,1,1,9495
1995-04-16,Oviedo,Barcelona,0,0,D,,,,,,,,,,,,,,,,,0,0,9495
1995-04-23,Barcelona,Valladolid,4,1,H,,,,,,,,,,,,,,,,,4,1,9495
1995-04-30,Sevilla,Barcelona,4,2,H,,,,,,,,,,,,,,,,,2,4,9495
1995-05-06,La Coruna,Barcelona,1,0,H,,,,,,,,,,,,,,,,,0,1,9495
1995-05-14,Barcelona,Celta,1,1,D,,,,,,,,,,,,,,,,,1,1,9495
1995-05-21,Betis,Barcelona,1,1,D,,,,,,,,,,,,,,,,,1,1,9495
1995-05-27,Barcelona,Real Madrid,1,0,H,,,,,,,,,,,,,,,,,1,0,9495
1995-06-04,Logrones,Barcelona,1,4,A,,,,,,,,,,,,,,,,,4,1,9495
1995-06-10,Barcelona,Albacete,0,1,A,,,,,,,,,,,,,,,,,0,1,9495
1995-06-18,Ath Bilbao,Barcelona,0,2,A,,,,,,,,,,,,,,,,,2,0,9495
1995-09-03,Valladolid,Barcelona,0,2,A,0.0,0.0,D,,,,,,,,,,,,,,2,0,9596
1995-09-09,Barcelona,Merida,2,2,D,1.0,1.0,D,,,,,,,,,,,,,,2,2,9596
1995-09-17,Zaragoza,Barcelona,0,3,A,0.0,0.0,D,,,,,,,,,,,,,,3,0,9596
1995-09-23,Barcelona,Vallecano,2,0,H,1.0,0.0,H,,,,,,,,,,,,,,2,0,9596
1995-09-30,Real Madrid,Barcelona,1,1,D,1.0,1.0,D,,,,,,,,,,,,,,1,1,9596
1995-10-04,Barcelona,Oviedo,4,1,H,3.0,0.0,H,,,,,,,,,,,,,,4,1,9596
1995-10-07,Betis,Barcelona,1,5,A,0.0,2.0,A,,,,,,,,,,,,,,5,1,9596
1995-10-14,Barcelona,Ath Bilbao,4,1,H,1.0,0.0,H,,,,,,,,,,,,,,4,1,9596
1995-10-22,Barcelona,Valencia,1,0,H,0.0,0.0,D,,,,,,,,,,,,,,1,0,9596
1995-10-28,Compostela,Barcelona,2,1,H,0.0,1.0,A,,,,,,,,,,,,,,1,2,9596
1995-11-05,Barcelona,Salamanca,4,1,H,3.0,0.0,H,,,,,,,,,,,,,,4,1,9596
1995-11-12,Tenerife,Barcelona,1,1,D,0.0,1.0,A,,,,,,,,,,,,,,1,1,9596
1995-11-18,Barcelona,Albacete,3,0,H,1.0,0.0,H,,,,,,,,,,,,,,3,0,9596
1995-11-25,Sociedad,Barcelona,1,1,D,0.0,1.0,A,,,,,,,,,,,,,,1,1,9596
1995-12-02,Barcelona,Santander,1,1,D,1.0,1.0,D,,,,,,,,,,,,,,1,1,9596
1995-12-09,Ath Madrid,Barcelona,3,1,H,2.0,0.0,H,,,,,,,,,,,,,,1,3,9596
1995-12-16,Barcelona,Sp Gijon,1,0,H,1.0,0.0,H,,,,,,,,,,,,,,1,0,9596
1995-12-20,Sevilla,Barcelona,1,0,H,1.0,0.0,H,,,,,,,,,,,,,,0,1,9596
1996-01-04,Barcelona,Espanol,2,1,H,1.0,0.0,H,,,,,,,,,,,,,,2,1,9596
1996-01-07,Celta,Barcelona,1,0,H,0.0,0.0,D,,,,,,,,,,,,,,0,1,9596
1996-01-14,Barcelona,La Coruna,1,1,D,0.0,1.0,A,,,,,,,,,,,,,,1,1,9596
1996-01-21,Barcelona,Valladolid,1,0,H,0.0,0.0,D,,,,,,,,,,,,,,1,0,9596
1996-01-25,Merida,Barcelona,0,0,D,0.0,0.0,D,,,,,,,,,,,,,,0,0,9596
1996-01-28,Barcelona,Zaragoza,3,1,H,1.0,0.0,H,,,,,,,,,,,,,,3,1,9596
1996-02-04,Vallecano,Barcelona,1,1,D,1.0,0.0,H,,,,,,,,,,,,,,1,1,9596
1996-02-10,Barcelona,Real Madrid,3,0,H,1.0,0.0,H,,,,,,,,,,,,,,3,0,9596
1996-02-18,Oviedo,Barcelona,1,2,A,1.0,1.0,D,,,,,,,,,,,,,,2,1,9596
1996-02-25,Barcelona,Betis,1,0,H,0.0,0.0,D,,,,,,,,,,,,,,1,0,9596
1996-03-02,Ath Bilbao,Barcelona,0,0,D,0.0,0.0,D,,,,,,,,,,,,,,0,0,9596
1996-03-09,Valencia,Barcelona,4,1,H,2.0,0.0,H,,,,,,,,,,,,,,1,4,9596
1996-03-16,Barcelona,Compostela,1,0,H,1.0,0.0,H,,,,,,,,,,,,,,1,0,9596
1996-03-24,Salamanca,Barcelona,1,3,A,1.0,3.0,A,,,,,,,,,,,,,,3,1,9596
1996-03-27,Barcelona,Tenerife,2,2,D,2.0,2.0,D,,,,,,,,,,,,,,2,2,9596
1996-03-31,Albacete,Barcelona,0,1,A,0.0,0.0,D,,,,,,,,,,,,,,1,0,9596
1996-04-06,Barcelona,Sociedad,1,0,H,1.0,0.0,H,,,,,,,,,,,,,,1,0,9596
1996-04-13,Santander,Barcelona,1,1,D,0.0,1.0,A,,,,,,,,,,,,,,1,1,9596
1996-04-20,Barcelona,Ath Madrid,1,3,A,1.0,1.0,D,,,,,,,,,,,,,,1,3,9596
1996-04-28,Sp Gijon,Barcelona,0,3,A,0.0,3.0,A,,,,,,,,,,,,,,3,0,9596
1996-05-05,Barcelona,Sevilla,1,1,D,0.0,1.0,A,,,,,,,,,,,,,,1,1,9596
1996-05-15,Espanol,Barcelona,1,1,D,0.0,0.0,D,,,,,,,,,,,,,,1,1,9596
1996-05-19,Barcelona,Celta,3,2,H,0.0,1.0,A,,,,,,,,,,,,,,3,2,9596
1996-05-26,La Coruna,Barcelona,2,2,D,1.0,0.0,H,,,,,,,,,,,,,,2,2,9596
1996-09-01,Oviedo,Barcelona,2,4,A,0.0,0.0,D,,,,,,,,,,,,,,4,2,9697
1996-09-07,Barcelona,Espanol,2,1,H,0.0,0.0,D,,,,,,,,,,,,,,2,1,9697
1996-09-15,Santander,Barcelona,1,1,D,0.0,1.0,A,,,,,,,,,,,,,,1,1,9697
1996-09-22,Barcelona,Sociedad,3,2,H,1.0,0.0,H,,,,,,,,,,,,,,3,2,9697
1996-09-29,Zaragoza,Barcelona,3,5,A,2.0,1.0,H,,,,,,,,,,,,,,5,3,9697
1996-10-02,Barcelona,Tenerife,1,1,D,0.0,0.0,D,,,,,,,,,,,,,,1,1,9697
1996-10-12,Compostela,Barcelona,1,5,A,0.0,3.0,A,,,,,,,,,,,,,,5,1,9697
1996-10-20,Barcelona,Logrones,8,0,H,4.0,0.0,H,,,,,,,,,,,,,,8,0,9697
1996-10-23,Sevilla,Barcelona,0,1,A,0.0,0.0,D,,,,,,,,,,,,,,1,0,9697
1996-10-26,Barcelona,Valencia,3,2,H,2.0,0.0,H,,,,,,,,,,,,,,3,2,9697
1996-11-04,Sp Gijon,Barcelona,0,0,D,0.0,0.0,D,,,,,,,,,,,,,,0,0,9697
1996-11-09,Barcelona,Ath Madrid,3,3,D,2.0,1.0,H,,,,,,,,,,,,,,3,3,9697
1996-11-18,Barcelona,Valladolid,6,1,H,3.0,0.0,H,,,,,,,,,,,,,,6,1,9697
1996-11-23,Ath Bilbao,Barcelona,2,1,H,0.0,1.0,A,,,,,,,,,,,,,,1,2,9697
1996-12-02,Barcelona,Extremadura,3,0,H,3.0,0.0,H,,,,,,,,,,,,,,3,0,9697
1996-12-07,Real Madrid,Barcelona,2,0,H,1.0,0.0,H,,,,,,,,,,,,,,0,2,9697
1996-12-22,Barcelona,Celta,1,0,H,1.0,0.0,H,,,,,,,,,,,,,,1,0,9697
1997-01-04,La Coruna,Barcelona,0,1,A,0.0,0.0,D,,,,,,,,,,,,,,1,0,9697
1997-01-13,Barcelona,Hercules,2,3,A,2.0,2.0,D,,,,,,,,,,,,,,2,3,9697
1997-01-19,Betis,Barcelona,2,4,A,2.0,1.0,H,,,,,,,,,,,,,,4,2,9697
1997-01-26,Barcelona,Vallecano,6,0,H,5.0,0.0,H,,,,,,,,,,,,,,6,0,9697
1997-02-02,Barcelona,Oviedo,2,2,D,0.0,0.0,D,,,,,,,,,,,,,,2,2,9697
1997-02-09,Espanol,Barcelona,2,0,H,1.0,0.0,H,,,,,,,,,,,,,,0,2,9697
1997-02-16,Barcelona,Santander,1,0,H,1.0,0.0,H,,,,,,,,,,,,,,1,0,9697
1997-02-20,Sociedad,Barcelona,2,0,H,1.0,0.0,H,,,,,,,,,,,,,,0,2,9697
1997-02-23,Barcelona,Zaragoza,4,1,H,3.0,0.0,H,,,,,,,,,,,,,,4,1,9697
1997-03-01,Tenerife,Barcelona,4,0,H,1.0,0.0,H,,,,,,,,,,,,,,0,4,9697
1997-03-09,Barcelona,Compostela,3,0,H,2.0,0.0,H,,,,,,,,,,,,,,3,0,9697
1997-03-16,Logrones,Barcelona,0,1,A,0.0,0.0,D,,,,,,,,,,,,,,1,0,9697
1997-03-23,Barcelona,Sevilla,4,0,H,0.0,0.0,D,,,,,,,,,,,,,,4,0,9697
1997-03-30,Valencia,Barcelona,1,1,D,1.0,0.0,H,,,,,,,,,,,,,,1,1,9697
1997-04-06,Barcelona,Sp Gijon,4,0,H,2.0,0.0,H,,,,,,,,,,,,,,4,0,9697
1997-04-13,Ath Madrid,Barcelona,2,5,A,1.0,2.0,A,,,,,,,,,,,,,,5,2,9697
1997-04-16,Valladolid,Barcelona,3,1,H,1.0,1.0,D,,,,,,,,,,,,,,1,3,9697
1997-04-20,Barcelona,Ath Bilbao,2,0,H,0.0,0.0,D,,,,,,,,,,,,,,2,0,9697
1997-05-05,Extremadura,Barcelona,1,3,A,1.0,2.0,A,,,,,,,,,,,,,,3,1,9697
1997-05-10,Barcelona,Real Madrid,1,0,H,0.0,0.0,D,,,,,,,,,,,,,,1,0,9697
1997-05-19,Celta,Barcelona,1,3,A,0.0,2.0,A,,,,,,,,,,,,,,3,1,9697
1997-05-24,Barcelona,La Coruna,1,0,H,0.0,0.0,D,,,,,,,,,,,,,,1,0,9697
1997-06-01,Hercules,Barcelona,2,1,H,1.0,1.0,D,,,,,,,,,,,,,,1,2,9697
1997-06-15,Barcelona,Betis,3,0,H,1.0,0.0,H,,,,,,,,,,,,,,3,0,9697
1997-06-22,Vallecano,Barcelona,1,2,A,1.0,1.0,D,,,,,,,,,,,,,,2,1,9697
1997-08-31,Barcelona,Sociedad,3,0,H,1.0,0.0,H,,,,,,,,,,,,,,3,0,9798
1997-09-08,Valencia,Barcelona,0,3,A,0.0,2.0,A,,,,,,,,,,,,,,3,0,9798
1997-09-13,Barcelona,La Coruna,2,1,H,1.0,0.0,H,,,,,,,,,,,,,,2,1,9798
1997-09-28,Sp Gijon,Barcelona,1,4,A,1.0,2.0,A,,,,,,,,,,,,,,4,1,9798
1997-10-05,Barcelona,Tenerife,3,2,H,2.0,2.0,D,,,,,,,,,,,,,,3,2,9798
1997-10-14,Mallorca,Barcelona,0,1,A,0.0,1.0,A,,,,,,,,,,,,,,1,0,9798
1997-10-18,Compostela,Barcelona,2,2,D,1.0,0.0,H,,,,,,,,,,,,,,2,2,9798
1997-10-26,Barcelona,Santander,2,0,H,0.0,0.0,D,,,,,,,,,,,,,,2,0,9798
1997-11-01,Real Madrid,Barcelona,2,3,A,0.0,1.0,A,,,,,,,,,,,,,,3,2,9798
1997-11-09,Barcelona,Valladolid,1,2,A,0.0,1.0,A,,,,,,,,,,,,,,1,2,9798
1997-11-13,Ath Bilbao,Barcelona,3,0,H,1.0,0.0,H,,,,,,,,,,,,,,0,3,9798
1997-11-16,Barcelona,Celta,3,2,H,1.0,1.0,D,,,,,,,,,,,,,,3,2,9798
1997-11-22,Oviedo,Barcelona,1,0,H,0.0,0.0,D,,,,,,,,,,,,,,0,1,9798
1997-12-01,Barcelona,Merida,3,1,H,1.0,0.0,H,,,,,,,,,,,,,,3,1,9798
1997-12-06,Zaragoza,Barcelona,1,2,A,0.0,2.0,A,,,,,,,,,,,,,,2,1,9798
1997-12-13,Barcelona,Espanol,3,1,H,1.0,0.0,H,,,,,,,,,,,,,,3,1,9798
1997-12-20,Barcelona,Ath Madrid,3,1,H,0.0,1.0,A,,,,,,,,,,,,,,3,1,9798
1998-01-05,Salamanca,Barcelona,4,3,H,1.0,1.0,D,,,,,,,,,,,,,,3,4,9798
1998-01-11,Sociedad,Barcelona,2,2,D,0.0,1.0,A,,,,,,,,,,,,,,2,2,9798
1998-01-19,Barcelona,Valencia,3,4,A,1.0,0.0,H,,,,,,,,,,,,,,3,4,9798
1998-01-25,La Coruna,Barcelona,3,1,H,1.0,0.0,H,,,,,,,,,,,,,,1,3,9798
1998-02-01,Barcelona,Sp Gijon,2,1,H,2.0,1.0,H,,,,,,,,,,,,,,2,1,9798
1998-02-08,Tenerife,Barcelona,1,1,D,0.0,1.0,A,,,,,,,,,,,,,,1,1,9798
1998-02-15,Barcelona,Mallorca,0,0,D,0.0,0.0,D,,,,,,,,,,,,,,0,0,9798
1998-02-22,Barcelona,Compostela,2,0,H,2.0,0.0,H,,,,,,,,,,,,,,2,0,9798
1998-03-02,Santander,Barcelona,2,4,A,1.0,0.0,H,,,,,,,,,,,,,,4,2,9798
1998-03-07,Barcelona,Real Madrid,3,0,H,0.0,0.0,D,,,,,,,,,,,,,,3,0,9798
1998-03-15,Valladolid,Barcelona,1,2,A,1.0,0.0,H,,,,,,,,,,,,,,2,1,9798
1998-03-22,Barcelona,Ath Bilbao,4,0,H,2.0,0.0,H,,,,,,,,,,,,,,4,0,9798
1998-03-29,Celta,Barcelona,3,1,H,2.0,1.0,H,,,,,,,,,,,,,,1,3,9798
1998-04-04,Barcelona,Oviedo,2,1,H,2.0,0.0,H,,,,,,,,,,,,,,2,1,9798
1998-04-07,Betis,Barcelona,0,2,A,0.0,0.0,D,,,,,,,,,,,,,,2,0,9798
1998-04-11,Merida,Barcelona,1,2,A,0.0,0.0,D,,,,,,,,,,,,,,2,1,9798
1998-04-19,Barcelona,Zaragoza,1,0,H,0.0,0.0,D,,,,,,,,,,,,,,1,0,9798
1998-04-25,Espanol,Barcelona,1,1,D,0.0,1.0,A,,,,,,,,,,,,,,1,1,9798
1998-05-03,Barcelona,Betis,1,3,A,1.0,0.0,H,,,,,,,,,,,,,,1,3,9798
1998-05-10,Ath Madrid,Barcelona,5,2,H,2.0,1.0,H,,,,,,,,,,,,,,2,5,9798
1998-05-15,Barcelona,Salamanca,1,4,A,0.0,1.0,A,,,,,,,,,,,,,,1,4,9798
1998-08-30,Santander,Barcelona,0,0,D,0.0,0.0,D,,,,,,,,,,,,,,0,0,9899
1998-09-12,Barcelona,Extremadura,1,0,H,1.0,0.0,H,,,,,,,,,,,,,,1,0,9899
1998-09-19,Real Madrid,Barcelona,2,2,D,2.0,1.0,H,,,,,,,,,,,,,,2,2,9899
1998-09-26,Barcelona,Celta,2,2,D,1.0,1.0,D,,,,,,,,,,,,,,2,2,9899
1998-10-03,Valencia,Barcelona,1,3,A,1.0,0.0,H,,,,,,,,,,,,,,3,1,9899
1998-10-17,Barcelona,Salamanca,1,1,D,0.0,0.0,D,,,,,,,,,,,,,,1,1,9899
1998-10-25,Espanol,Barcelona,1,2,A,0.0,1.0,A,,,,,,,,,,,,,,2,1,9899
1998-10-31,Barcelona,Sociedad,4,1,H,2.0,1.0,H,,,,,,,,,,,,,,4,1,9899
1998-11-08,Oviedo,Barcelona,2,1,H,0.0,1.0,A,,,,,,,,,,,,,,1,2,9899
1998-11-15,Barcelona,Tenerife,4,1,H,1.0,1.0,D,,,,,,,,,,,,,,4,1,9899
1998-11-21,Mallorca,Barcelona,1,0,H,1.0,0.0,H,,,,,,,,,,,,,,0,1,9899
1998-11-28,Barcelona,Ath Madrid,0,1,A,0.0,1.0,A,,,,,,,,,,,,,,0,1,9899
1998-12-05,La Coruna,Barcelona,2,1,H,0.0,0.0,D,,,,,,,,,,,,,,1,2,9899
1998-12-13,Barcelona,Villareal,1,3,A,0.0,2.0,A,,,,,,,,,,,,,,1,3,9899
1998-12-20,Valladolid,Barcelona,0,1,A,0.0,1.0,A,,,,,,,,,,,,,,1,0,9899
1999-01-03,Barcelona,Alaves,7,1,H,2.0,0.0,H,,,,,,,,,,,,,,7,1,9899
1999-01-09,Barcelona,Ath Bilbao,4,2,H,2.0,0.0,H,,,,,,,,,,,,,,4,2,9899
1999-01-17,Betis,Barcelona,0,3,A,0.0,2.0,A,,,,,,,,,,,,,,3,0,9899
1999-01-24,Barcelona,Zaragoza,3,1,H,1.0,0.0,H,,,,,,,,,,,,,,3,1,9899
1999-01-31,Barcelona,Santander,3,2,H,2.0,1.0,H,,,,,,,,,,,,,,3,2,9899
1999-02-07,Extremadura,Barcelona,1,2,A,1.0,1.0,D,,,,,,,,,,,,,,2,1,9899
1999-02-14,Barcelona,Real Madrid,3,0,H,2.0,0.0,H,,,,,,,,,,,,,,3,0,9899
1999-02-21,Celta,Barcelona,0,0,D,0.0,0.0,D,,,,,,,,,,,,,,0,0,9899
1999-02-27,Barcelona,Valencia,2,4,A,1.0,2.0,A,,,,,,,,,,,,,,2,4,9899
1999-03-07,Salamanca,Barcelona,1,4,A,0.0,3.0,A,,,,,,,,,,,,,,4,1,9899
1999-03-14,Barcelona,Espanol,3,0,H,2.0,0.0,H,,,,,,,,,,,,,,3,0,9899
1999-03-21,Sociedad,Barcelona,0,2,A,0.0,1.0,A,,,,,,,,,,,,,,2,0,9899
1999-04-04,Barcelona,Oviedo,3,1,H,2.0,1.0,H,,,,,,,,,,,,,,3,1,9899
1999-04-10,Tenerife,Barcelona,2,3,A,1.0,2.0,A,,,,,,,,,,,,,,3,2,9899
1999-04-17,Barcelona,Mallorca,2,1,H,2.0,0.0,H,,,,,,,,,,,,,,2,1,9899
1999-04-25,Ath Madrid,Barcelona,1,1,D,0.0,0.0,D,,,,,,,,,,,,,,1,1,9899
1999-05-02,Barcelona,La Coruna,4,0,H,3.0,0.0,H,,,,,,,,,,,,,,4,0,9899
1999-05-09,Villareal,Barcelona,2,3,A,1.0,0.0,H,,,,,,,,,,,,,,3,2,9899
1999-05-15,Barcelona,Valladolid,1,1,D,0.0,0.0,D,,,,,,,,,,,,,,1,1,9899
1999-05-22,Alaves,Barcelona,1,4,A,0.0,1.0,A,,,,,,,,,,,,,,4,1,9899
1999-05-29,Ath Bilbao,Barcelona,1,3,A,0.0,1.0,A,,,,,,,,,,,,,,3,1,9899
1999-06-13,Barcelona,Betis,4,1,H,3.0,0.0,H,,,,,,,,,,,,,,4,1,9899
1999-06-20,Zaragoza,Barcelona,2,0,H,1.0,0.0,H,,,,,,,,,,,,,,0,2,9899
1999-08-22,Barcelona,Zaragoza,2,0,H,0.0,0.0,D,,,,,,,,,,,,,,2,0,9900
1999-08-29,Santander,Barcelona,1,2,A,0.0,2.0,A,,,,,,,,,,,,,,2,1,9900
1999-09-11,Barcelona,Espanol,3,0,H,0.0,0.0,D,,,,,,,,,,,,,,3,0,9900
1999-09-18,Alaves,Barcelona,2,1,H,1.0,1.0,D,,,,,,,,,,,,,,1,2,9900
1999-09-25,Barcelona,Betis,4,1,H,2.0,1.0,H,,,,,,,,,,,,,,4,1,9900
1999-10-02,Valladolid,Barcelona,0,2,A,0.0,1.0,A,,,,,,,,,,,,,,2,0,9900
1999-10-13,Barcelona,Real Madrid,2,2,D,1.0,1.0,D,,,,,,,,,,,,,,2,2,9900
1999-10-16,Numancia,Barcelona,3,3,D,0.0,1.0,A,,,,,,,,,,,,,,3,3,9900
1999-10-23,Barcelona,Ath Bilbao,4,0,H,1.0,0.0,H,,,,,,,,,,,,,,4,0,9900
1999-10-30,La Coruna,Barcelona,2,1,H,2.0,0.0,H,,,,,,,,,,,,,,1,2,9900
1999-11-07,Barcelona,Malaga,1,2,A,1.0,2.0,A,,,,,,,,,,,,,,1,2,9900
1999-11-20,Valencia,Barcelona,3,1,H,2.0,1.0,H,,,,,,,,,,,,,,1,3,9900
1999-11-28,Mallorca,Barcelona,3,2,H,2.0,1.0,H,,,,,,,,,,,,,,2,3,9900
1999-12-04,Barcelona,Oviedo,3,2,H,3.0,0.0,H,,,,,,,,,,,,,,3,2,9900
1999-12-11,Sevilla,Barcelona,3,2,H,1.0,1.0,D,,,,,,,,,,,,,,2,3,9900
1999-12-19,Barcelona,Ath Madrid,2,1,H,1.0,1.0,D,,,,,,,,,,,,,,2,1,9900
1999-12-22,Vallecano,Barcelona,1,1,D,1.0,0.0,H,,,,,,,,,,,,,,1,1,9900
2000-01-05,Barcelona,Sociedad,3,1,H,2.0,0.0,H,,,,,,,,,,,,,,3,1,9900
2000-01-09,Celta,Barcelona,0,2,A,0.0,1.0,A,,,,,,,,,,,,,,2,0,9900
2000-01-16,Zaragoza,Barcelona,0,0,D,0.0,0.0,D,,,,,,,,,,,,,,0,0,9900
2000-01-23,Barcelona,Santander,1,0,H,1.0,0.0,H,,,,,,,,,,,,,,1,0,9900
2000-01-29,Espanol,Barcelona,1,1,D,1.0,1.0,D,,,,,,,,,,,,,,1,1,9900
2000-02-06,Barcelona,Alaves,0,1,A,0.0,1.0,A,,,,,,,,,,,,,,0,1,9900
2000-02-13,Betis,Barcelona,2,1,H,1.0,0.0,H,,,,,,,,,,,,,,1,2,9900
2000-02-20,Barcelona,Valladolid,4,0,H,2.0,0.0,H,,,,,,,,,,,,,,4,0,9900
2000-02-26,Real Madrid,Barcelona,3,0,H,2.0,0.0,H,,,,,,,,,,,,,,0,3,9900
2000-03-04,Barcelona,Numancia,4,0,H,1.0,0.0,H,,,,,,,,,,,,,,4,0,9900
2000-03-11,Ath Bilbao,Barcelona,0,4,A,0.0,2.0,A,,,,,,,,,,,,,,4,0,9900
2000-03-18,Barcelona,La Coruna,2,1,H,2.0,0.0,H,,,,,,,,,,,,,,2,1,9900
2000-03-25,Malaga,Barcelona,1,2,A,1.0,0.0,H,,,,,,,,,,,,,,2,1,9900
2000-04-02,Barcelona,Valencia,3,0,H,0.0,0.0,D,,,,,,,,,,,,,,3,0,9900
2000-04-09,Barcelona,Mallorca,0,3,A,0.0,1.0,A,,,,,,,,,,,,,,0,3,9900
2000-04-15,Oviedo,Barcelona,3,0,H,1.0,0.0,H,,,,,,,,,,,,,,0,3,9900
2000-04-22,Barcelona,Sevilla,2,0,H,1.0,0.0,H,,,,,,,,,,,,,,2,0,9900
2000-04-29,Ath Madrid,Barcelona,0,3,A,0.0,1.0,A,,,,,,,,,,,,,,3,0,9900
2000-05-06,Barcelona,Vallecano,0,2,A,0.0,1.0,A,,,,,,,,,,,,,,0,2,9900
2000-05-14,Sociedad,Barcelona,0,0,D,0.0,0.0,D,,,,,,,,,,,,,,0,0,9900
2000-05-19,Barcelona,Celta,2,2,D,0.0,2.0,A,,,,,,,,,,,,,,2,2,9900
